# In-browser weeb-3 concurrency sweep. arms [4,16], rounds 2, block 90.
# Retrieval budget 30000ms. A row at the bound is "did not complete", never a duration.
# Degraded rounds (canary missed), excluded by the analyser: []
# Scheduling probe: same-origin fetch p50 38ms (ceiling 500ms), document visible. Judge the environment, do not assume it.
# round 0 pos 0 arm 4: peers 200/0 -> 200/0, focused true
# round 0 pos 1 arm 16: peers 200/0 -> 200/0, focused true
# round 1 pos 0 arm 16: peers 200/0 -> 200/0, focused true
# round 1 pos 1 arm 4: peers 200/0 -> 200/0, focused true
# Summarise with: node deploy/scripts/concurrency-analysis.mjs <this file>
arm	round	ref	startMs	endMs	ms	bytes	status	overBudget
canary	0	001c74f611	544	8529	7985	4379272	200	
4	0	da58eeb3f8	8530	11595	3065	844308	200	
4	0	914396a26e	8530	12546	4016	801068	200	
4	0	edc04eddda	8530	12627	4097	816484	200	
4	0	b3be73d198	8529	12964	4435	851828	200	
4	0	fb8c7517c7	11596	13830	2234	790540	200	
4	0	297d59dd5b	12627	14859	2232	772680	200	
4	0	d7358084c2	12546	15478	2932	817800	200	
4	0	88ad7e4e53	12964	15814	2850	815356	200	
4	0	9b4c211428	14859	16948	2089	833592	200	
4	0	2b14a28d59	13830	17060	3230	843932	200	
4	0	79d1cb21ac	15478	17970	2492	806896	200	
4	0	a244e4f0e3	15814	18446	2632	782080	200	
4	0	db14612bf4	17060	19135	2075	811220	200	
4	0	0cd8313b5d	16948	19850	2902	797872	200	
4	0	947537ccce	17970	20654	2684	841864	200	
4	0	b7b630f939	18446	21628	3182	814228	200	
4	0	955247fdc5	19135	21811	2676	807272	200	
4	0	f65b9d6dbd	19850	22887	3037	833404	200	
4	0	659bec1d18	20654	23083	2429	820620	200	
4	0	800c98fbfd	21811	25324	3513	806520	200	
4	0	4668ceb9c2	21628	25396	3768	768920	200	
4	0	d0632beaa0	23083	25939	2856	823252	200	
4	0	c53737cdb9	22887	26223	3336	817612	200	
4	0	431def84b9	25324	28140	2816	838668	200	
4	0	bdc09e2062	25396	28612	3216	782644	200	
4	0	549717294c	25939	29536	3597	799564	200	
4	0	2d2b8534bc	26223	29822	3599	801444	200	
4	0	753d673b14	28140	30187	2047	830208	200	
4	0	d0b15a7144	28612	30924	2312	819116	200	
4	0	d485db1f10	29536	32144	2608	825320	200	
4	0	28ca58ae4f	30187	32974	2787	811220	200	
4	0	48a4acb9f5	29822	33088	3266	805016	200	
4	0	57aab4b10c	30924	33522	2598	808024	200	
4	0	ad6ff2f5f1	32144	33980	1836	811220	200	
4	0	2093855b76	32974	35897	2923	823816	200	
4	0	ee45d8e6fd	33088	36375	3287	825884	200	
4	0	61a92386fd	33522	36757	3235	819116	200	
4	0	5874fa8f18	33980	37171	3191	794112	200	
4	0	96d644a9ad	35897	37850	1953	782268	200	
4	0	4e6cdd30de	36375	38642	2267	797872	200	
4	0	4dd5318934	36757	39250	2493	831524	200	
4	0	a90bf43bba	37171	39953	2782	816672	200	
4	0	23e58adc52	37850	40518	2668	827576	200	
4	0	2e03700716	38642	41459	2817	807084	200	
4	0	65dda960b0	39250	41498	2248	819868	200	
4	0	86f270d593	39953	43219	3266	776440	200	
4	0	77608a82e6	40518	43222	2704	802572	200	
4	0	fdbe9bf426	41498	44263	2765	804264	200	
4	0	9647c8804e	41459	44488	3029	797496	200	
4	0	ed477d3dc1	43222	45363	2141	813852	200	
4	0	3c55e5189a	43219	46297	3078	831148	200	
4	0	c224d01433	44263	46751	2488	802572	200	
4	0	791e2f9c73	44488	47305	2817	802384	200	
4	0	10f48dd064	45363	47735	2372	829832	200	
4	0	44288ebb4b	46297	48631	2334	836224	200	
4	0	b07191df3e	46751	49445	2694	819868	200	
4	0	7223f00f61	47305	50405	3100	809152	200	
4	0	79b6672e80	47735	50607	2872	803512	200	
4	0	4ad9ce9c70	48631	52075	3444	783208	200	
4	0	0bfdab2899	49445	52306	2861	798248	200	
4	0	9f8970374d	50405	53632	3227	822876	200	
4	0	bbbd0b2bba	50607	54111	3504	822500	200	
4	0	7773f81c90	52075	55383	3308	818740	200	
4	0	304500ef98	52306	55563	3257	808024	200	
4	0	dcd4278aa5	53632	56081	2449	833028	200	
4	0	73ab4e7ed2	54111	56339	2228	822688	200	
4	0	f9ae94fd81	55383	58105	2722	817800	200	
4	0	75281f81c4	55563	58360	2797	800504	200	
4	0	07f9556453	56081	58983	2902	810280	200	
4	0	c5e3847305	56339	59581	3242	807460	200	
4	0	b5e9ab7e87	58105	60020	1915	818364	200	
4	0	e59d00a45f	58360	60826	2466	849572	200	
4	0	1b0261db22	59581	62177	2596	791104	200	
4	0	b9eb002ae5	58983	62390	3407	812912	200	
4	0	11f94d7492	60826	63051	2225	812348	200	
4	0	0bf90e920f	60020	64157	4137	836600	200	
4	0	a790cadf7c	62177	65037	2860	773808	200	
4	0	8952fde099	62390	65203	2813	806896	200	
4	0	8846f461e4	63051	65248	2197	819492	200	
4	0	53c07b497e	64157	66258	2101	802948	200	
4	0	a2d327ffe9	65037	67615	2578	808588	200	
4	0	08944f4a4a	65203	68390	3187	829644	200	
4	0	0333d4d5d5	65248	68474	3226	790540	200	
4	0	f278a2840b	66258	68611	2353	817048	200	
4	0	b91354010e	67615	71202	3587	821372	200	
4	0	8d6281f67b	68611	71897	3286	819304	200	
4	0	7a6dc5ee0d	68390	72028	3638	800880	200	
4	0	d0399d7f8e	68474	72196	3722	828328	200	
4	0	ab4026b1b4	71202	73529	2327	807648	200	
4	0	9190c7c429	71897	73924	2027	815544	200	
16	0	72c82f5dee	73926	80104	6178	800504	200	
16	0	b63614c091	73928	80249	6321	806708	200	
16	0	e33a0a3ec1	73928	80772	6844	816108	200	
16	0	e04c37db80	73928	81057	7129	799376	200	
16	0	247329b950	73928	81599	7671	825696	200	
16	0	876ae7feef	73928	81706	7778	842052	200	
16	0	45b83ac1cb	73928	84596	10668	819116	200	
16	0	f7b55d0e98	73925	84699	10774	795240	200	
16	0	1fa18939cb	80104	84888	4784	830020	200	
16	0	a3e5a98484	81706	86129	4423	859536	200	
16	0	f615996639	81057	86361	5304	824944	200	
16	0	48d254df4a	80249	87028	6779	817988	200	
16	0	0a05857c41	73928	87879	13951	825132	200	
16	0	bfb87cb13c	81599	89721	8122	826072	200	
16	0	ff91228d6e	84699	90499	5800	822124	200	
16	0	4014020766	84596	90827	6231	827576	200	
16	0	5e6cabfd70	86361	91656	5295	816296	200	
16	0	8305a3956a	87879	91933	4054	803324	200	
16	0	24b5f29574	84888	92816	7928	822312	200	
16	0	cc19f2cea4	86129	93392	7263	839796	200	
16	0	85e33c1799	89721	93714	3993	815356	200	
16	0	a03a60bd30	80772	93733	12961	826636	200	
16	0	1a7cd44753	90499	95277	4778	823064	200	
16	0	e752c5f84f	87028	95719	8691	822312	200	
16	0	6ac818b3f8	90827	97892	7065	821372	200	
16	0	34883903cb	91933	97893	5960	836788	200	
16	0	c4cdd8076d	91656	97976	6320	810656	200	
16	0	d8001fc25c	73928	98114	24186	829832	200	
16	0	38293c688f	93392	98532	5140	792984	200	
16	0	f538d7c9e0	73928	98626	24698	853708	200	
16	0	fcae83de85	73928	99127	25199	803324	200	
16	0	17dea34fa5	93714	99289	5575	813288	200	
16	0	3347775490	93733	99349	5616	816108	200	
16	0	5a65251d87	73928	101495	27567	795992	200	
16	0	1c0ab43739	95277	102161	6884	813476	200	
16	0	24bd9a5192	92816	102949	10133	814040	200	
16	0	3c0308fad2	95719	103095	7376	822312	200	
16	0	b9d856320e	73928	103942	30014	0	0	over-budget
16	0	38c8cdfd53	73928	103943	30015	0	0	over-budget
16	0	1a8f2c01bc	73928	103944	30016	0	0	over-budget
16	0	22933d848a	97893	105547	7654	795992	200	
16	0	f739b1fcad	99289	106885	7596	809340	200	
16	0	e275059c58	99349	107715	8366	786216	200	
16	0	9fdd4c6381	99127	108570	9443	844872	200	
16	0	0481dba060	102949	110120	7171	800128	200	
16	0	cf19510edc	102161	110887	8726	821748	200	
16	0	c01a805736	98532	110950	12418	795240	200	
16	0	f29ac97b76	98626	111378	12752	791292	200	
16	0	44249c4e87	101496	111430	9934	824192	200	
16	0	64de23489a	103942	111474	7532	839608	200	
16	0	eb16d02fd8	103944	111477	7533	820620	200	
16	0	625573cc32	103095	111554	8459	834720	200	
16	0	8641d03c99	106885	111586	4701	779636	200	
16	0	f809fe8c75	98114	111696	13582	823628	200	
16	0	f3936889d1	97892	112018	14126	811408	200	
16	0	f9d6723cb4	103943	112152	8209	813664	200	
16	0	43123d029d	97976	113480	15504	816484	200	
16	0	9201d7f566	107717	115108	7391	741284	200	
16	0	ed28e65367	108570	115499	6929	820056	200	
16	0	469bb375c1	105547	118003	12456	801820	200	
16	0	f7fc9a1906	110120	119496	9376	835848	200	
16	0	eddc9700a5	111378	120614	9236	841488	200	
16	0	5e58fa5711	110887	121240	10353	804076	200	
16	0	9f80448900	112018	121455	9437	776064	200	
16	0	71a2964b3a	111474	122021	10547	799376	200	
16	0	fda285ba59	110950	122412	11462	843368	200	
16	0	919ef4f32e	111430	122736	11306	802760	200	
16	0	d6bf01b4a7	113480	122737	9257	838856	200	
16	0	d2327a3474	115499	123646	8147	785840	200	
16	0	5e7d35c515	115108	125264	10156	811784	200	
16	0	a5d2c3f0de	111696	125435	13739	812348	200	
16	0	329c0f4b26	111586	125498	13912	814792	200	
16	0	2efd6abf2b	111477	125610	14133	830960	200	
16	0	f707387f93	112152	125620	13468	798624	200	
16	0	6dcf42401c	120614	128578	7964	828704	200	
16	0	484b150306	121240	129026	7786	823628	200	
16	0	c642c5fd9e	121455	129810	8355	840548	200	
16	0	4f074b1aa4	119496	130109	10613	818928	200	
16	0	f38bf1fa7e	111554	130527	18973	820996	200	
16	0	53df210e3a	123646	131284	7638	839420	200	
16	0	899f2130d5	122736	131394	8658	820056	200	
16	0	70d25e1021	118003	131427	13424	849384	200	
16	0	c8babf24f7	122412	131527	9115	858784	200	
16	0	dbfca4c6b9	125620	131557	5937	789976	200	
16	0	f502eb25ab	122021	132244	10223	808024	200	
16	0	537c9b72e8	125610	132598	6988	786028	200	
16	0	9b6a51b8cc	122737	132714	9977	820808	200	
16	0	5997474352	125264	132766	7502	850512	200	
16	0	2a25397937	125435	133114	7679	811784	200	
16	0	86f6e0e455	125498	133316	7818	819680	200	
canary	1	0020fbf428	133316	137435	4119	4706580	200	
16	1	7e8f021eaf	137436	142362	4926	823440	200	
16	1	43d16a446e	137436	145104	7668	808588	200	
16	1	fe98f73a9a	137436	145701	8265	821748	200	
16	1	74fcb67815	137436	145784	8348	836412	200	
16	1	2f50e73280	142362	145917	3555	817048	200	
16	1	b412be48ab	137436	146619	9183	814792	200	
16	1	d0605d2b58	137436	146792	9356	819116	200	
16	1	0e7a3b16d9	137436	148825	11389	808588	200	
16	1	0440693116	145104	149105	4001	799000	200	
16	1	cf6e38a3ad	146619	150494	3875	819492	200	
16	1	eae8ff19b9	137435	151255	13820	810092	200	
16	1	eca6af9980	146792	151503	4711	831148	200	
16	1	8c127625e2	145784	151834	6050	846376	200	
16	1	57d0d00eeb	148825	152625	3800	812724	200	
16	1	d1cfcb94be	145701	152856	7155	839044	200	
16	1	5103136eb3	150494	154289	3795	799000	200	
16	1	34938b7c6d	149105	156602	7497	776064	200	
16	1	a9467876d3	137436	157147	19711	829644	200	
16	1	fa1c41a8b7	151834	157148	5314	849948	200	
16	1	14ccdd72e5	151503	157219	5716	804828	200	
16	1	7e5939b4ee	145917	157384	11467	821748	200	
16	1	6248e13c80	152625	157494	4869	792984	200	
16	1	d3bd5d8266	137436	157833	20397	803700	200	
16	1	e7f2944088	154289	157882	3593	847880	200	
16	1	a175354a07	137436	158045	20609	797496	200	
16	1	8d17652995	151255	158232	6977	804828	200	
16	1	bc9ac14536	152856	158881	6025	789788	200	
16	1	168e33343f	137436	158884	21448	810656	200	
16	1	579450edc0	137436	159593	22157	794864	200	
16	1	1b2c6b4ed3	137436	160772	23336	814040	200	
16	1	f9bb80bc68	156602	163000	6398	814228	200	
16	1	9faed6efd1	137436	163808	26372	811220	200	
16	1	af24940920	157494	165006	7512	829644	200	
16	1	b05ee1bdec	157148	165168	8020	833028	200	
16	1	2e45f1b2dc	157219	165389	8170	820432	200	
16	1	38ff29da9d	157833	166582	8749	815544	200	
16	1	e809eceaee	157147	166616	9469	794676	200	
16	1	9f5795b3cf	137436	166624	29188	817236	200	
16	1	d1c4ce7e78	158881	167349	8468	792044	200	
16	1	c6879892a4	158232	167639	9407	839796	200	
16	1	18e0cee60c	158884	168984	10100	800692	200	
16	1	ebf1dceb06	160772	169192	8420	819116	200	
16	1	f9a93b90f8	157882	170730	12848	782644	200	
16	1	fede2901f6	163000	171747	8747	803512	200	
16	1	05a7e3ef34	158045	171909	13864	817236	200	
16	1	9bf0331aa4	163808	173431	9623	782268	200	
16	1	9ece8be0e1	159593	173635	14042	836976	200	
16	1	88d4fd1019	157384	174858	17474	808776	200	
16	1	858e7a9f5e	166624	175717	9093	780012	200	
16	1	462689ec1d	165389	176240	10851	825508	200	
16	1	0da248c514	167349	176477	9128	791480	200	
16	1	e85fadd806	168984	177304	8320	820056	200	
16	1	76c66ffbe6	166582	177369	10787	818364	200	
16	1	fa334a9f7d	165006	177839	12833	782644	200	
16	1	b89070b1a2	173635	178626	4991	840924	200	
16	1	96315c6c1a	171909	179030	7121	785276	200	
16	1	579022c6fd	170730	179586	8856	807648	200	
16	1	bddfd614c8	171747	180454	8707	813100	200	
16	1	cd75169c42	166617	180470	13853	811596	200	
16	1	b166d6ec52	165168	180576	15408	834344	200	
16	1	480c20d34d	167639	180675	13036	827200	200	
16	1	264ca47fd0	174858	182934	8076	813288	200	
16	1	2c16105a3a	169192	183929	14737	822876	200	
16	1	5ffa64d9db	175717	184077	8360	803512	200	
16	1	4d2d4f8f07	176477	185846	9369	784336	200	
16	1	b0b087742d	177369	186162	8793	786968	200	
16	1	5e2be416cf	178626	187363	8737	838104	200	
16	1	942f033b78	173431	187515	14084	793924	200	
16	1	582c371e86	177304	187639	10335	785840	200	
16	1	163b8cb822	176240	188476	12236	786028	200	
16	1	030baeebe5	177839	188899	11060	818176	200	
16	1	3abe48c1af	182934	189544	6610	833780	200	
16	1	601b8e1f79	180576	190474	9898	816296	200	
16	1	2de50636ac	179586	191105	11519	807272	200	
16	1	1a90e1dbd3	179030	191330	12300	835848	200	
16	1	2254d2d9a6	180470	191595	11125	805392	200	
16	1	b9c40856cb	184077	191745	7668	811972	200	
16	1	1a68462328	183929	192573	8644	815168	200	
16	1	5c94e9701b	185846	194199	8353	777380	200	
16	1	fd77d22e59	180675	194343	13668	825132	200	
16	1	c6b1c2b779	186162	194645	8483	771740	200	
16	1	4701e4b227	187639	194698	7059	830020	200	
16	1	69bfb71b6c	187515	195604	8089	833216	200	
16	1	06c6616600	180455	195626	15171	814792	200	
16	1	919d31308d	190474	195994	5520	813100	200	
16	1	6e41ec253b	189544	196044	6500	800692	200	
16	1	6440d48369	191105	196100	4995	826636	200	
16	1	88410cf437	188899	196101	7202	811032	200	
16	1	061211778b	187363	196348	8985	814040	200	
16	1	f51d8f5bd9	188476	196449	7973	810844	200	
4	1	52fbf5972a	196449	199324	2875	823252	200	
4	1	0a4ced914d	196449	199358	2909	799188	200	
4	1	007cd5e19a	196449	199358	2909	801256	200	
4	1	146eb69158	196449	199631	3182	773808	200	
4	1	d30b85d75c	199324	201370	2046	826448	200	
4	1	397eff95c2	199358	202021	2663	837540	200	
4	1	44d7dbde11	199631	202057	2426	809152	200	
4	1	77b0dbc0c3	199358	202299	2941	820244	200	
4	1	4556ee9b81	201370	203119	1749	824380	200	
4	1	de15bbf179	202057	204499	2442	797684	200	
4	1	2118b5a315	202021	204745	2724	804640	200	
4	1	f95d05783a	202300	204761	2461	812348	200	
4	1	2af9d55dca	203119	205654	2535	811784	200	
4	1	03a3a655b1	204499	206573	2074	808964	200	
4	1	4f4c2e6f6e	204745	207263	2518	815732	200	
4	1	e635dbf196	204761	207471	2710	810280	200	
4	1	7b9ccdcb0f	205654	208175	2521	809528	200	
4	1	7b7d9629c1	206573	208849	2276	836412	200	
4	1	7a9d652814	207263	209396	2133	820620	200	
4	1	1ba3c3e134	207471	210217	2746	802948	200	
4	1	e41463c22f	208175	210835	2660	814416	200	
4	1	24abcbf590	208849	211589	2740	847316	200	
4	1	bee2ac52f3	209396	211742	2346	789976	200	
4	1	32580753bd	210217	212636	2419	821184	200	
4	1	fe9a385d97	210836	212868	2032	840736	200	
4	1	616c2b0a4f	211589	214303	2714	795240	200	
4	1	4446405ac8	211742	215210	3468	831148	200	
4	1	798cf0b698	212868	215378	2510	793172	200	
4	1	22e980a9ed	212636	215817	3181	825884	200	
4	1	93a53d5b39	214303	216505	2202	835472	200	
4	1	0336d85b62	215210	218184	2974	783208	200	
4	1	31d3dc5763	215378	218245	2867	794112	200	
4	1	9bd2dd19a2	215817	218883	3066	788660	200	
4	1	cb7c0d5f97	216505	218902	2397	812536	200	
4	1	b88c961a36	218185	221032	2847	823816	200	
4	1	a2d5c3bc3a	218245	221520	3275	812348	200	
4	1	19426c2ff4	218883	221669	2786	827952	200	
4	1	9f077e71f4	218902	222143	3241	807460	200	
4	1	22cccf48c4	221032	222845	1813	801068	200	
4	1	e856cdd691	221520	223578	2058	813476	200	
4	1	5c6ce39a08	221669	223886	2217	832276	200	
4	1	9ab7ea6fa1	222143	224739	2596	793924	200	
4	1	439e0da6da	222845	225295	2450	850512	200	
4	1	c86b049bc1	223886	226422	2536	832464	200	
4	1	83ca1ac9e8	223578	227642	4064	797684	200	
4	1	7eefa528b1	224739	228063	3324	854084	200	
4	1	98d3a5b552	225295	228643	3348	825508	200	
4	1	b30110ed41	226422	228677	2255	801444	200	
4	1	8faed63e2c	227642	229603	1961	825320	200	
4	1	76f0efcd17	228063	230839	2776	839984	200	
4	1	1a49b713a7	228644	231983	3339	788660	200	
4	1	2b049a3c9a	228677	232090	3413	823816	200	
4	1	247d222b21	229603	232696	3093	808212	200	
4	1	81b4102a8f	230839	232742	1903	815732	200	
4	1	ad37d88463	232090	234540	2450	798248	200	
4	1	a678a81e81	231983	235168	3185	815732	200	
4	1	8bcfd0eda8	232696	235867	3171	807084	200	
4	1	5208480267	232742	235948	3206	807084	200	
4	1	a1cc19d07d	234540	236320	1780	835848	200	
4	1	ed93b0f424	235168	237131	1963	808212	200	
4	1	8488691792	235867	237802	1935	777944	200	
4	1	563e136002	235948	238199	2251	849948	200	
4	1	3ad54e871a	236321	238978	2657	809340	200	
4	1	d55f8c1ef9	237131	240335	3204	798248	200	
4	1	c4f3597dd9	238199	241191	2992	798624	200	
4	1	a900742f61	237802	241231	3429	848820	200	
4	1	8dd71dd6c5	238978	241364	2386	777568	200	
4	1	910aba8c98	240335	242246	1911	815920	200	
4	1	cdb5781e58	241191	243445	2254	797308	200	
4	1	cf2e4dfb49	241231	244470	3239	796368	200	
4	1	4bec6e66ba	241364	244759	3395	815732	200	
4	1	f1b989d309	242246	244988	2742	829832	200	
4	1	9da00b000e	243445	245896	2451	795240	200	
4	1	346192b5cb	244470	246997	2527	842616	200	
4	1	7b52284142	244759	247747	2988	818364	200	
4	1	a89d7b7d3e	244988	247987	2999	800128	200	
4	1	1604cadb80	245897	248184	2287	797684	200	
4	1	57861cbbab	246997	248952	1955	804452	200	
4	1	545094f04d	247987	250387	2400	810468	200	
4	1	4242f950a8	247747	250748	3001	844496	200	
4	1	89eb107417	248184	251731	3547	821184	200	
4	1	04206f4154	248953	251786	2833	767792	200	
4	1	89ca77fbbb	250387	252970	2583	786216	200	
4	1	769d5ad826	251786	253906	2120	800128	200	
4	1	a4e4dddf52	250748	253930	3182	819116	200	
4	1	ec05ec7feb	251731	254647	2916	823064	200	
4	1	e754888f2a	252970	255095	2125	839796	200	
4	1	529229e482	253906	256202	2296	803136	200	
4	1	7ea10f3d02	254647	256705	2058	834156	200	
4	1	5088bdedc2	253930	257116	3186	812348	200	
warm	-1	ec05ec7feb	257117	257121	4	823064	200	
warm	-1	e754888f2a	257121	257123	2	839796	200	
warm	-1	529229e482	257123	257126	3	803136	200	
warm	-1	7ea10f3d02	257126	257128	2	834156	200	
warm	-1	5088bdedc2	257128	257130	2	812348	200	