arm	round	gop	index	declaredDurationS	segmentBytes	videoPacketCount	unservedForMs	fetchAttempts
1	1	0.5	5	0.868	187248	15	0	1
1	1	0.5	7	1.067	194580	15	0	1
1	1	0.5	8	1.034	190256	15	0	1
1	1	0.5	9	1.134	191760	15	0	1
1	1	0.5	10	0.833	182360	15	0	1
1	1	0.5	11	1.001	187436	15	0	1
1	1	0.5	12	1.001	200596	15	0	1
1	1	0.5	13	1.001	191196	15	0	1
1	1	0.5	14	1.001	195896	15	0	1
1	1	0.5	16	0.766	184052	15	0	1
1	1	0.5	18	0.901	184616	15	0	1
1	1	0.5	19	1.034	190444	15	0	1
1	1	0.5	20	0.834	181044	15	0	1
1	1	0.5	21	0.867	181232	15	0	1
1	1	0.5	22	0.9	186308	15	0	1
1	1	0.5	23	1.068	203792	15	0	1
1	1	0.5	24	0.899	192512	15	0	1
1	1	0.5	25	1.001	194204	15	0	1
1	1	0.5	26	1.134	199656	15	0	1
1	1	0.5	27	1.034	199844	15	0	1
1	1	0.5	29	0.867	181984	15	0	1
1	1	0.5	31	0.766	178412	15	0	1
1	1	0.5	32	0.901	184240	15	0	1
1	1	0.5	33	1.034	187436	15	0	1
1	1	0.5	34	0.834	186872	15	0	1
1	1	0.5	35	1.134	204168	15	0	1
1	1	0.5	36	1.167	202100	15	0	1
1	1	0.5	37	0.901	190820	15	0	1
1	1	0.5	38	1.033	195896	15	0	1
1	1	0.5	39	1.034	191948	15	0	1
1	1	0.5	40	1.034	192700	15	0	1
1	1	0.5	41	1.001	187436	15	0	1
1	1	0.5	42	0.967	179540	15	0	1
1	1	0.5	43	1.134	195708	15	0	1
1	1	0.5	44	1.034	201536	15	0	1
1	1	0.5	45	1.034	195896	15	0	1
1	1	0.5	46	1.034	191384	15	0	1
1	1	0.5	47	0.834	183488	15	0	1
1	1	0.5	48	0.834	181984	15	0	1
1	1	0.5	49	1.034	193828	15	0	1
1	1	0.5	50	0.834	177472	15	0	1
1	1	0.5	51	0.834	183112	15	0	1
1	1	0.5	52	0.834	185368	15	0	1
1	1	0.5	53	1	189504	15	0	1
1	1	0.5	54	1.034	189692	15	0	1
1	1	0.5	55	0.866	193640	15	0	1
1	1	0.5	56	1.067	200784	15	0	1
1	1	0.5	57	1.034	200596	15	0	1
1	1	0.5	58	1.168	204168	15	0	1
1	1	0.5	59	0.967	185180	15	0	1
1	1	0.5	60	0.899	193076	15	0	1
1	1	0.5	61	1.167	192136	15	0	1
1	1	0.5	62	1.034	186308	15	0	1
1	1	0.5	63	1	179728	15	0	1
1	1	0.5	64	1	194392	15	0	1
1	1	0.5	65	1	194768	15	0	1
1	1	0.5	66	0.966	192512	15	0	1
1	1	0.5	67	0.868	192512	15	0	1
1	1	0.5	68	0.901	189880	15	0	1
1	1	0.5	69	1	196836	15	0	1
1	1	0.5	70	0.834	177660	15	0	1
1	1	0.5	71	0.967	190068	15	0	1
1	1	0.5	72	1.034	193264	15	0	1
1	1	0.5	73	1.034	183676	15	0	1
1	1	0.5	74	1.001	184992	15	0	1
1	1	0.5	75	0.967	192700	15	0	1
1	1	0.5	76	0.834	185744	15	0	1
1	1	0.5	77	1.134	197588	15	0	1
1	1	0.5	80	1.134	204544	15	0	1
1	1	0.5	81	1.134	187060	15	0	1
1	1	0.5	82	1	187624	15	0	1
1	1	0.5	83	1.168	187812	15	0	1
1	1	0.5	84	1.001	187060	15	0	1
1	1	0.5	85	1.001	197776	15	0	1
1	1	0.5	86	1.001	194956	15	0	1
1	1	0.5	87	1.001	190256	15	0	1
1	1	0.5	88	1.034	194016	15	0	1
1	1	0.5	89	1.101	198340	15	0	1
1	1	0.5	91	0.834	179540	15	0	1
1	1	0.5	93	1.001	185556	15	0	1
1	1	0.5	94	1.001	182360	15	0	1
1	1	0.5	95	1.134	196084	15	0	1
1	1	0.5	96	1.001	200220	15	0	1
1	1	0.5	97	0.834	186684	15	0	1
1	1	0.5	98	1.134	202288	15	0	1
1	1	0.5	99	1.001	189692	15	0	1
1	1	0.5	100	0.967	191384	15	0	1
1	1	0.5	101	1.034	192136	15	0	1
1	1	0.5	102	1.034	189504	15	0	1
1	1	0.5	103	1.001	185932	15	0	1
1	1	0.5	104	0.867	176720	15	0	1
1	1	0.5	105	0.899	189692	15	0	1
1	1	0.5	106	0.768	183300	15	0	1
1	1	0.5	107	0.899	193076	15	0	1
1	1	0.5	108	0.934	188752	15	0	1
1	1	0.5	110	0.834	181232	15	0	1
1	1	0.5	111	0.867	185744	15	0	1
1	1	0.5	112	0.968	186872	15	0	1
1	1	0.5	114	0.733	175404	15	0	1
1	1	0.5	115	1.101	191948	15	0	1
1	1	0.5	116	1.001	186308	15	0	1
1	1	0.5	117	1.001	190068	15	0	1
1	1	0.5	118	0.968	197964	15	0	1
1	1	0.5	119	1.001	193076	15	0	1
1	1	0.5	120	1.134	196460	15	0	1
1	1	0.5	121	1.168	204544	15	0	1
1	1	0.5	122	1.034	190256	15	0	1
1	1	0.5	123	1.034	190256	15	0	1
1	1	0.5	125	0.733	177660	15	0	1
1	1	0.5	126	0.734	179916	15	0	1
1	1	0.5	127	1.067	196272	15	0	1
1	1	0.5	128	0.768	187060	15	0	1
1	1	0.5	129	0.899	188752	15	0	1
1	1	0.5	131	0.733	181044	15	0	1
1	1	0.5	132	0.766	181044	15	0	1
1	1	0.5	133	0.733	179352	15	0	1
1	1	0.5	134	1	192700	15	0	1
1	1	0.5	136	1.134	188752	15	0	1
1	1	0.5	137	0.834	175968	15	0	1
1	1	0.5	138	0.801	185932	15	0	1
1	1	0.5	139	0.733	188000	15	0	1
1	1	0.5	140	1.034	192700	15	0	1
1	1	0.5	141	1.134	199280	15	0	1
1	1	0.5	142	0.834	189504	15	0	1
1	1	0.5	143	1.001	190632	15	0	1
1	1	0.5	144	1.001	188188	15	0	1
1	1	0.5	145	1.201	190256	15	0	1
1	1	0.5	146	1.034	184428	15	0	1
1	1	0.5	147	1.001	181420	15	0	1
1	1	0.5	148	1.068	188376	15	0	1
1	1	0.5	149	0.967	191572	15	0	1
1	1	0.5	150	0.967	188564	15	0	1
1	1	0.5	151	1.168	201348	15	0	1
1	1	0.5	152	0.866	182736	15	0	1
1	1	0.5	153	0.834	187812	15	0	1
1	1	0.5	154	1.001	193452	15	0	1
1	1	0.5	155	0.967	183488	15	0	1
1	1	0.5	156	1.134	194204	15	0	1
1	1	0.5	157	1.134	191948	15	0	1
1	1	0.5	158	0.968	178788	15	0	1
1	1	0.5	159	1.001	193452	15	0	1
1	1	0.5	160	1.067	195896	15	0	1
1	1	0.5	162	0.867	182736	15	0	1
1	1	0.5	163	0.733	183864	15	0	1
1	1	0.5	165	0.768	176156	15	0	1
1	1	0.5	168	1.134	193640	15	0	1
1	1	0.5	169	1.001	190820	15	0	1
1	1	0.5	170	1.034	197400	15	0	1
1	1	0.5	171	1.001	194956	15	0	1
1	1	0.5	172	1.001	197588	15	0	1
1	1	0.5	173	1.001	195896	15	0	1
1	1	0.5	174	1.168	198528	15	0	1
1	1	0.5	175	1.134	192888	15	0	1
1	1	0.5	176	0.868	183488	15	0	1
1	1	0.5	177	1.034	184804	15	0	1
1	1	0.5	178	0.834	176344	15	0	1
1	1	0.5	179	1	187060	15	0	1
1	1	0.5	180	0.867	182360	15	0	1
1	1	0.5	181	0.834	187812	15	0	1
1	1	0.5	182	1.134	199280	15	0	1
1	1	0.5	183	1.101	198716	15	0	1
1	1	0.5	184	1.134	201160	15	0	1
1	1	0.5	185	1.134	200784	15	0	1
1	1	0.5	186	0.999	188000	15	0	1
1	1	0.5	187	1.134	191008	15	0	1
1	1	0.5	188	0.833	175780	15	0	1
1	1	0.5	189	1.101	187436	15	0	1
1	1	0.5	190	1.001	185744	15	0	1
1	1	0.5	191	0.968	194956	15	0	1
1	1	0.5	192	1.001	196836	15	0	1
1	1	0.5	193	1.034	193640	15	0	1
1	1	0.5	194	1.034	196272	15	0	1
1	1	0.5	195	1.034	191948	15	0	1
1	1	0.5	196	1.101	194392	15	0	1
1	1	0.5	197	0.833	185744	15	0	1
1	1	0.5	198	0.834	180668	15	0	1
1	1	0.5	199	0.834	178036	15	0	1
1	1	0.5	200	1.134	193640	15	0	1
1	1	0.5	201	1.034	199280	15	0	1
1	1	0.5	203	1.134	204168	15	0	1
1	1	0.5	204	0.867	186308	15	0	1
1	1	0.5	205	0.768	186496	15	0	1
1	1	0.5	206	0.899	184052	15	0	1
1	1	0.5	208	0.768	173148	15	0	1
1	1	0.5	209	0.733	179916	15	0	1
1	1	0.5	210	1	187248	15	0	1
1	1	0.5	211	1.034	193076	15	0	1
1	1	0.5	212	0.866	189128	15	0	1
1	1	0.5	213	0.834	188000	15	0	1
1	1	0.5	214	0.834	188752	15	0	1
1	1	0.5	216	0.968	195520	15	0	1
1	1	0.5	217	0.867	185932	15	0	1
1	1	0.5	218	1	191948	15	0	1
1	1	0.5	219	1	192888	15	0	1
1	1	0.5	220	1.1	189128	15	0	1
1	1	0.5	221	0.867	178788	15	0	1
1	1	0.5	222	0.667	171456	15	0	1
1	1	0.5	223	1.001	194956	15	0	1
1	1	0.5	224	1.001	198152	15	0	1
1	1	0.5	225	0.834	182924	15	0	1
1	1	0.5	226	0.834	181984	15	0	1
1	1	0.5	227	1	196648	15	0	1
1	1	0.5	228	0.9	193828	15	0	1
1	1	0.5	229	0.901	184992	15	0	1
1	1	0.5	230	0.868	184992	15	0	1
1	1	0.5	232	0.834	169952	15	0	1
1	1	0.5	233	0.967	182548	15	0	1
1	1	0.5	234	1.068	195144	15	0	1
1	1	0.5	235	1.034	197776	15	0	1
1	1	0.5	236	0.968	193828	15	0	1
1	1	0.5	237	0.967	186496	15	0	1
1	1	0.5	238	0.834	184616	15	0	1
1	1	0.5	239	0.834	192888	15	0	1
1	1	0.5	241	1.001	195520	15	0	1
1	1	0.5	242	1.001	195896	15	0	1
1	1	0.5	244	0.768	178412	15	0	1
1	1	0.5	245	0.667	177472	15	0	1
1	1	0.5	246	0.901	195708	15	0	1
1	1	0.5	247	1.001	202476	15	0	1
1	1	0.5	248	1.134	206800	15	0	1
1	1	0.5	249	0.801	188564	15	0	1
1	1	0.5	250	1.034	197964	15	0	1
1	1	0.5	251	0.733	172960	15	0	1
1	1	0.5	252	0.834	181796	15	0	1
1	1	0.5	253	0.834	176156	15	0	1
1	1	0.5	255	0.699	167696	15	0	1
1	1	0.5	256	0.8	188564	15	0	1
1	1	0.5	257	1.067	206800	15	0	1
1	1	0.5	258	1.034	194768	15	0	1
1	1	0.5	259	0.834	185744	15	0	1
1	1	0.5	260	0.8	179728	15	0	1
1	1	0.5	261	0.799	181608	15	0	1
1	1	0.5	262	1	194956	15	0	1
1	1	0.5	263	0.733	184616	15	0	1
1	1	0.5	264	0.899	189880	15	0	1
1	1	0.5	265	1	193076	15	0	1
1	1	0.5	266	0.867	179540	15	0	1
1	1	0.5	267	0.968	182360	15	0	1
1	1	0.5	268	0.901	189128	15	0	1
1	1	0.5	269	0.868	189316	15	0	1
1	1	0.5	271	0.834	186496	15	0	1
1	1	0.5	272	0.866	190256	15	0	1
1	1	0.5	273	0.834	184804	15	0	1
1	1	0.5	274	0.834	184804	15	0	1
1	1	0.5	275	1.034	191572	15	0	1
1	1	0.5	276	0.834	177284	15	0	1
1	1	0.5	277	1.134	188188	15	0	1
1	1	0.5	278	1.134	191572	15	0	1
1	1	0.5	279	1.134	207928	15	0	1
1	1	0.5	280	0.867	191384	15	0	1
1	1	0.5	281	0.768	182736	15	0	1
1	1	0.5	282	0.766	186120	15	0	1
1	1	0.5	283	0.766	182548	15	0	1
1	1	0.5	284	0.768	180292	15	0	1
1	1	0.5	285	0.934	192324	15	0	1
1	1	0.5	286	1	191384	15	0	1
1	1	0.5	287	0.967	185932	15	0	1
1	1	0.5	289	1	186120	15	0	1
1	1	0.5	290	1.1	196272	15	0	1
1	1	0.5	291	1.134	195144	15	0	1
1	1	0.5	292	1.001	190820	15	0	1
1	1	0.5	293	1.134	198528	15	0	1
1	1	0.5	294	0.834	184804	15	0	1
1	1	0.5	296	1.034	185368	15	0	1
1	1	0.5	297	1.101	193264	15	0	1
1	1	0.5	298	1.134	189128	15	0	1
1	1	0.5	299	0.967	184428	15	0	1
1	1	0.5	300	0.834	185368	15	0	1
1	1	0.5	301	0.834	189692	15	0	1
1	1	0.5	302	0.834	194580	15	0	1
1	1	0.5	303	1.001	198904	15	0	1
1	1	0.5	305	1.034	193640	15	0	1
1	1	0.5	306	0.834	180104	15	0	1
1	1	0.5	307	0.834	183300	15	0	1
1	1	0.5	308	1.1	197588	15	0	1
1	1	0.5	309	1.134	195144	15	0	1
1	1	0.5	310	1.001	189880	15	0	1
1	1	0.5	311	0.834	184992	15	0	1
1	1	0.5	313	0.799	182360	15	0	1
1	1	0.5	314	0.867	193640	15	0	1
1	1	0.5	315	1.034	194768	15	0	1
1	1	0.5	317	1.034	194392	15	0	1
1	1	0.5	319	0.901	186308	15	0	1
1	1	0.5	320	1.034	183676	15	0	1
1	1	0.5	321	1.101	190068	15	0	1
1	1	0.5	322	0.901	188376	15	0	1
1	1	0.5	323	1.034	194392	15	0	1
1	1	0.5	324	0.967	192512	15	0	1
1	1	0.5	325	1	193828	15	0	1
1	1	0.5	327	1.034	192512	15	0	1
1	1	0.5	328	1.068	190820	15	0	1
1	1	0.5	329	1.034	186684	15	0	1
1	1	0.5	330	0.901	183112	15	0	1
1	1	0.5	331	1.034	187248	15	0	1
1	1	0.5	332	1.101	201536	15	0	1
1	1	0.5	333	1.168	200220	15	0	1
1	1	0.5	334	0.901	181796	15	0	1
1	1	0.5	335	1.034	203228	15	0	1
1	1	0.5	336	1.168	197024	15	0	1
1	1	0.5	337	1.001	189316	15	0	1
1	1	0.5	338	0.866	189692	15	0	1
1	1	0.5	339	0.866	176720	15	0	1
1	1	0.5	340	0.868	176532	15	0	1
1	1	0.5	341	1.034	192324	15	0	1
1	1	0.5	342	1.134	194956	15	0	1
1	1	0.5	345	1.034	199656	15	0	1
1	1	0.5	346	1.001	193828	15	0	1
1	1	0.5	348	1.034	192512	15	0	1
1	1	0.5	349	0.8	179916	15	0	1
1	1	0.5	350	1.134	187060	15	0	1
1	1	0.5	351	1.034	193452	15	0	1
1	1	0.5	352	1.001	194204	15	0	1
1	1	0.5	353	1.034	194204	15	0	1
1	1	0.5	354	0.901	194204	15	0	1
1	1	0.5	355	0.834	189128	15	0	1
1	1	0.5	356	1.168	202664	15	0	1
1	1	0.5	357	1.199	197964	15	0	1
1	1	0.5	359	0.834	180480	15	0	1
1	1	0.5	360	0.834	180856	15	0	1
1	1	0.5	362	1.034	192888	15	0	1
1	1	0.5	364	1	195896	15	0	1
1	1	0.5	365	1.001	195708	15	0	1
1	1	0.5	366	1.134	201160	15	0	1
1	1	0.5	368	0.866	192324	15	0	1
1	1	0.5	369	1	185556	15	0	1
1	1	0.5	370	1.134	187812	15	0	1
1	1	0.5	371	0.733	177472	15	0	1
1	1	0.5	372	0.766	181232	15	0	1
1	1	0.5	373	1.068	199844	15	0	1
1	1	0.5	374	0.9	192512	15	0	1
1	1	0.5	375	0.867	192324	15	0	1
1	1	0.5	377	1.001	191948	15	0	1
1	1	0.5	378	1.034	192324	15	0	1
1	1	0.5	379	1.034	189128	15	0	1
1	1	0.5	380	0.934	181420	15	0	1
1	1	0.5	381	0.866	179728	15	0	1
1	1	0.5	382	1.034	190632	15	0	1
1	1	0.5	383	0.867	190256	15	0	1
1	1	0.5	384	0.968	199468	15	0	1
1	1	0.5	385	1.067	196460	15	0	1
1	1	0.5	387	0.833	191948	15	0	1
1	1	0.5	388	1	189128	15	0	1
1	1	0.5	389	0.834	184428	15	0	1
1	1	0.5	391	1.034	188940	15	0	1
1	1	0.5	392	0.834	171832	15	0	1
1	1	0.5	394	0.9	186496	15	0	1
1	1	0.5	395	0.768	189316	15	0	1
1	1	0.5	396	0.766	185744	15	0	1
1	1	0.5	400	0.867	187060	15	0	1
1	1	0.5	401	1.033	189128	15	0	1
1	1	0.5	402	1.067	189316	15	0	1
1	1	0.5	403	0.766	171456	15	0	1
1	1	0.5	404	0.934	187060	15	0	1
1	1	0.5	405	1.034	201724	15	0	1
1	1	0.5	406	1	192136	15	0	1
1	1	0.5	407	0.867	193452	15	0	1
1	1	0.5	408	0.834	186872	15	0	1
1	1	0.5	409	1	196836	15	0	1
1	1	0.5	410	0.9	187624	15	0	1
1	1	0.5	411	0.868	186308	15	0	1
1	1	0.5	412	1.034	196272	15	0	1
1	1	0.5	413	1.034	189504	15	0	1
1	1	0.5	414	0.834	176156	15	0	1
1	1	0.5	416	0.8	188752	15	0	1
1	1	0.5	417	0.766	181796	15	0	1
1	1	0.5	419	1.001	193452	15	0	1
1	1	0.5	420	1.034	201536	15	0	1
1	1	0.5	421	1.067	201348	15	0	1
1	1	0.5	422	0.901	188188	15	0	1
1	1	0.5	423	0.867	184240	15	0	1
1	1	0.5	424	0.834	182736	15	0	1
1	1	0.5	425	1.034	191196	15	0	1
1	1	0.5	426	1.001	193076	15	0	1
1	1	0.5	427	1.001	197776	15	0	1
1	1	0.5	428	1.101	203228	15	0	1
1	1	0.5	429	0.834	186684	15	0	1
1	1	0.5	430	1.134	202852	15	0	1
1	1	0.5	431	0.967	186872	15	0	1
1	1	0.5	432	1.1	188752	15	0	1
1	1	0.5	433	1.067	194392	15	0	1
1	1	0.5	434	1.001	184240	15	0	1
1	1	0.5	435	0.834	175592	15	0	1
1	1	0.5	437	0.934	194204	15	0	1
1	1	0.5	439	0.768	180480	15	0	1
1	1	0.5	440	0.766	179540	15	0	1
1	1	0.5	441	0.901	193264	15	0	1
1	1	0.5	443	0.866	182360	15	0	1
1	1	0.5	444	0.901	184804	15	0	1
1	1	0.5	446	0.768	172960	15	0	1
1	1	0.5	447	0.933	182736	15	0	1
1	1	0.5	448	1.134	194392	15	0	1
1	1	0.5	450	0.868	188752	15	0	1
1	1	0.5	451	0.733	176156	15	0	1
1	1	0.5	453	0.7	181608	15	0	1
1	1	0.5	454	0.834	185556	15	0	1
1	1	0.5	456	1.034	192136	15	0	1
1	1	0.5	458	0.834	176532	15	0	1
1	1	0.5	459	1.134	189880	15	0	1
1	1	0.5	460	1.001	192136	15	0	1
1	1	0.5	461	0.833	190444	15	0	1
1	1	0.5	462	0.901	186496	15	0	1
1	1	0.5	463	1.167	200220	15	0	1
1	1	0.5	464	1.068	206048	15	0	1
1	1	0.5	465	0.733	178224	15	0	1
1	1	0.5	466	1.034	191948	15	0	1
1	1	0.5	468	0.866	177284	15	0	1
1	1	0.5	469	1	195144	15	0	1
1	1	0.5	470	1	195708	15	0	1
1	1	0.5	471	1.134	207176	15	0	1
1	1	0.5	472	1.134	204356	15	0	1
1	1	0.5	473	0.834	182736	15	0	1
1	1	0.5	475	0.768	186684	15	0	1
1	1	0.5	476	0.766	181420	15	0	1
1	1	0.5	477	0.766	182736	15	0	1
1	1	0.5	478	0.701	181232	15	0	1
1	1	0.5	479	1.168	187436	15	0	1
1	1	0.5	482	0.733	185744	15	0	1
1	1	0.5	483	0.901	195144	15	0	1
1	1	0.5	484	1.101	193264	15	0	1
1	1	0.5	485	1.034	199280	15	0	1
1	1	0.5	486	1.034	191572	15	0	1
1	1	0.5	489	0.901	185368	15	0	1
2	1	1	494	1.199	376940	30	0	1
2	1	1	495	1.267	381264	30	0	1
2	1	1	496	1.133	369420	30	0	1
2	1	1	497	1.234	373368	30	0	1
2	1	1	498	1.1	386340	30	0	1
2	1	1	499	1.234	400628	30	0	1
2	1	1	500	1.133	377128	30	0	1
2	1	1	501	1.234	373556	30	0	1
2	1	1	502	1.233	369796	30	0	1
2	1	1	503	1.1	383896	30	0	1
2	1	1	504	1.067	373744	30	0	1
2	1	1	506	1.301	388220	30	0	1
2	1	1	507	1.1	355884	30	0	1
2	1	1	508	1.133	366036	30	0	1
2	1	1	509	1.301	390664	30	0	1
2	1	1	510	1.334	400064	30	0	1
2	1	1	512	1.033	353440	30	0	1
2	1	1	513	1.033	359644	30	0	1
2	1	1	514	1.233	397808	30	0	1
2	1	1	515	1.266	390100	30	0	1
2	1	1	516	1.201	387280	30	0	1
2	1	1	517	1.233	382392	30	0	1
2	1	1	518	1.2	372052	30	0	1
2	1	1	520	1.267	401192	30	0	1
2	1	1	521	1.233	381452	30	0	1
2	1	1	522	1.033	357764	30	0	1
2	1	1	523	1.134	367352	30	0	1
2	1	1	524	1.166	377128	30	0	1
2	1	1	525	1.2	395552	30	0	1
2	1	1	526	1.233	400440	30	0	1
2	1	1	527	1.301	391040	30	0	1
2	1	1	528	1.268	372240	30	0	1
2	1	1	530	1.134	384836	30	0	1
2	1	1	531	1.267	394424	30	0	1
2	1	1	532	1.133	381640	30	0	1
2	1	1	533	1.201	369796	30	0	1
2	1	1	534	1.233	383144	30	0	1
2	1	1	535	1.334	402696	30	0	1
2	1	1	536	1.099	383144	30	0	1
2	1	1	537	1.2	379196	30	0	1
2	1	1	538	1.267	373368	30	0	1
2	1	1	539	1.267	379760	30	0	1
2	1	1	540	1.267	397808	30	0	1
2	1	1	542	1.134	368292	30	0	1
2	1	1	543	1.199	376940	30	0	1
2	1	1	544	1.099	352124	30	0	1
2	1	1	545	1.334	406456	30	0	1
2	1	1	546	1.234	378820	30	0	1
2	1	1	547	1	360020	30	0	1
2	1	1	549	1.301	366224	30	0	1
2	1	1	550	1.2	373556	30	0	1
2	1	1	551	1.133	378256	30	0	1
2	1	1	552	1.233	377316	30	0	1
2	1	1	553	1.201	380700	30	0	1
2	1	1	554	1.2	365096	30	0	1
2	1	1	555	1.268	394800	30	0	1
2	1	1	556	1.066	374496	30	0	1
2	1	1	557	1.2	382016	30	0	1
2	1	1	558	1.267	391604	30	0	1
2	1	1	559	1.2	373932	30	0	1
2	1	1	561	1.167	381640	30	0	1
2	1	1	562	1.267	395176	30	0	1
2	1	1	563	1.166	370736	30	0	1
2	1	1	564	1.2	362464	30	0	1
2	1	1	566	1.267	392920	30	0	1
2	1	1	567	1.267	385212	30	0	1
2	1	1	568	1.3	392920	30	0	1
2	1	1	569	1.2	377128	30	0	1
2	1	1	570	1.234	374496	30	0	1
2	1	1	572	1.301	388032	30	0	1
2	1	1	573	1.234	377504	30	0	1
2	1	1	574	1.166	363780	30	0	1
2	1	1	575	1.2	367352	30	0	1
2	1	1	576	1.234	382956	30	0	1
2	1	1	577	1.233	381640	30	0	1
2	1	1	579	1.167	363404	30	0	1
2	1	1	580	1.267	373744	30	0	1
2	1	1	581	1.234	388032	30	0	1
2	1	1	582	1.234	391980	30	0	1
2	1	1	583	1.133	383332	30	0	1
2	1	1	584	1.167	374872	30	0	1
2	1	1	585	1.133	365660	30	0	1
2	1	1	586	1.267	397244	30	0	1
2	1	1	587	1.201	378256	30	0	1
2	1	1	588	1.167	376188	30	0	1
2	1	1	590	1.233	369420	30	0	1
2	1	1	591	1.301	389536	30	0	1
2	1	1	593	1.133	377316	30	0	1
2	1	1	594	1.234	376188	30	0	1
2	1	1	595	1.266	378444	30	0	1
2	1	1	596	1.066	380324	30	0	1
2	1	1	597	1.301	399876	30	0	1
2	1	1	598	1.234	388408	30	0	1
2	1	1	599	1.266	395740	30	0	1
2	1	1	600	1.134	357764	30	0	1
2	1	1	601	1.234	382768	30	0	1
2	1	1	602	1.133	380700	30	0	1
2	1	1	603	1.099	368668	30	0	1
2	1	1	604	1.133	354756	30	0	1
2	1	1	606	1.133	342160	30	0	1
2	1	1	607	1.1	362464	30	0	1
2	1	1	609	1.066	351372	30	0	1
2	1	1	611	1	351184	30	0	1
2	1	1	612	1.067	344416	30	0	1
2	1	1	613	1.1	356636	30	0	1
2	1	1	614	1.366	380512	30	0	1
2	1	1	615	1.033	355320	30	0	1
2	1	1	616	1.1	354380	30	0	1
2	1	1	617	1.167	370172	30	0	1
2	1	1	618	1.2	369984	30	0	1
2	1	1	619	1.168	381640	30	0	1
2	1	1	620	1.233	399876	30	0	1
2	1	1	621	1.2	389348	30	0	1
2	1	1	622	1.166	372992	30	0	1
2	1	1	623	1	355696	30	0	1
2	1	1	624	1.167	366788	30	0	1
2	1	1	625	1.234	391040	30	0	1
2	1	1	626	1.167	385024	30	0	1
2	1	1	628	1.099	364156	30	0	1
2	1	1	629	1.234	381640	30	0	1
2	1	1	630	1.301	397432	30	0	1
2	1	1	631	1.2	399688	30	0	1
2	1	1	632	1.134	380700	30	0	1
2	1	1	633	1	366412	30	0	1
2	1	1	634	1.1	362276	30	0	1
2	1	1	635	1.201	381452	30	0	1
2	1	1	637	1.268	409652	30	0	1
2	1	1	638	1.167	382956	30	0	1
2	1	1	639	1.267	379760	30	0	1
2	1	1	640	1.167	370924	30	0	1
2	1	1	641	1.1	392920	30	0	1
2	1	1	642	1.268	386716	30	0	1
2	1	1	643	1.3	391040	30	0	1
2	1	1	644	1.168	376752	30	0	1
2	1	1	645	1.266	373368	30	0	1
2	1	1	646	1.199	389536	30	0	1
2	1	1	648	1.166	383520	30	0	1
2	1	1	649	1.066	367540	30	0	1
2	1	1	650	1.033	350432	30	0	1
2	1	1	651	1.134	373932	30	0	1
2	1	1	652	1.233	388972	30	0	1
2	1	1	653	1.066	368104	30	0	1
2	1	1	654	1.167	378820	30	0	1
2	1	1	655	1.267	392544	30	0	1
2	1	1	656	1.234	375248	30	0	1
2	1	1	657	1.133	389536	30	0	1
2	1	1	658	1.267	402132	30	0	1
2	1	1	660	1.234	376188	30	0	1
2	1	1	661	1.233	373180	30	0	1
2	1	1	662	1.267	388220	30	0	1
2	1	1	664	1.134	382580	30	0	1
2	1	1	665	1.233	376376	30	0	1
2	1	1	666	1.201	375060	30	0	1
2	1	1	667	1.333	401192	30	0	1
2	1	1	668	0.999	374684	30	0	1
2	1	1	669	1.066	378256	30	0	1
2	1	1	671	1.233	379384	30	0	1
2	1	1	673	1	376000	30	0	1
2	1	1	674	1.066	374120	30	0	1
2	1	1	675	1.3	386716	30	0	1
2	1	1	677	1.234	364344	30	0	1
2	1	1	680	1.2	372240	30	0	1
2	1	1	681	1.266	381452	30	0	1
2	1	1	682	1.201	367540	30	0	1
2	1	1	683	1.233	387280	30	0	1
2	1	1	685	1.066	372240	30	0	1
2	1	1	686	1.201	380888	30	0	1
2	1	1	688	1.267	391792	30	0	1
2	1	1	689	1.267	406832	30	0	1
2	1	1	690	1.066	379572	30	0	1
2	1	1	691	1.1	370172	30	0	1
2	1	1	692	1.2	372616	30	0	1
2	1	1	693	1.201	383520	30	0	1
2	1	1	695	1.334	396868	30	0	1
2	1	1	696	1	370548	30	0	1
2	1	1	697	1.301	397808	30	0	1
2	1	1	698	1.167	373932	30	0	1
2	1	1	699	1.133	381264	30	0	1
2	1	1	701	1.033	378444	30	0	1
2	1	1	703	1.267	364344	30	0	1
2	1	1	704	1.233	392732	30	0	1
2	1	1	706	1.333	382580	30	0	1
2	1	1	707	1.266	381640	30	0	1
2	1	1	708	1.233	366788	30	0	1
2	1	1	709	1.201	388784	30	0	1
2	1	1	710	1.234	387092	30	0	1
2	1	1	711	1.233	389536	30	0	1
2	1	1	712	1.268	375812	30	0	1
2	1	1	713	1.166	367916	30	0	1
2	1	1	715	1.067	380700	30	0	1
2	1	1	716	1.2	391792	30	0	1
2	1	1	717	1.066	366976	30	0	1
2	1	1	718	1.067	364156	30	0	1
2	1	1	719	1.1	370736	30	0	1
2	1	1	720	1.1	379760	30	0	1
2	1	1	721	1.2	394048	30	0	1
2	1	1	722	1.268	384648	30	0	1
2	1	1	723	1.2	376376	30	0	1
2	1	1	724	1.133	370736	30	0	1
2	1	1	725	1.2	401568	30	0	1
2	1	1	726	1.134	379948	30	0	1
2	1	1	727	1.166	387468	30	0	1
2	1	1	729	1	350244	30	0	1
2	1	1	731	1.201	396304	30	0	1
2	1	1	732	1.233	392356	30	0	1
2	1	1	733	1.267	383896	30	0	1
2	1	1	735	1.166	381640	30	0	1
2	1	1	736	1.133	390664	30	0	1
2	1	1	737	1.3	401004	30	0	1
2	1	1	738	1.266	383708	30	0	1
2	1	1	739	1.267	374684	30	0	1
2	1	1	740	1.2	378068	30	0	1
2	1	1	741	1.066	373368	30	0	1
2	1	1	742	1.166	379196	30	0	1
2	1	1	743	1.334	383708	30	0	1
2	1	1	744	1.3	375436	30	0	1
2	1	1	745	1.266	377692	30	0	1
2	1	1	747	1	357388	30	0	1
2	1	1	748	1.233	385964	30	0	1
2	1	1	749	1.2	385400	30	0	1
2	1	1	751	1.166	385024	30	0	1
2	1	1	752	1.267	395176	30	0	1
2	1	1	753	1.033	373180	30	0	1
2	1	1	754	1.199	372616	30	0	1
2	1	1	755	1.267	364344	30	0	1
2	1	1	756	1.268	396304	30	0	1
2	1	1	757	1.3	393108	30	0	1
2	1	1	758	1.267	389912	30	0	1
2	1	1	759	1.133	375812	30	0	1
2	1	1	760	1.167	366224	30	0	1
2	1	1	761	1.066	370736	30	0	1
2	1	1	762	1.3	396868	30	0	1
2	1	1	763	1.2	391604	30	0	1
2	1	1	764	0.999	355132	30	0	1
2	1	1	766	1.099	365096	30	0	1
2	1	1	768	1.266	388596	30	0	1
2	1	1	769	1.268	386528	30	0	1
2	1	1	770	1.233	371300	30	0	1
2	1	1	771	1.134	361900	30	0	1
2	1	1	772	1.166	378444	30	0	1
2	1	1	773	1.2	388596	30	0	1
2	1	1	774	1.168	372616	30	0	1
2	1	1	775	1.266	377504	30	0	1
2	1	1	776	1.099	359456	30	0	1
2	1	1	777	1.266	390288	30	0	1
2	1	1	778	1.267	390100	30	0	1
2	1	1	779	1.167	385776	30	0	1
2	1	1	780	1.268	395176	30	0	1
2	1	1	781	1.267	388032	30	0	1
2	1	1	782	1.133	384460	30	0	1
2	1	1	783	1.234	392920	30	0	1
2	1	1	784	1.233	383520	30	0	1
2	1	1	786	1.266	377316	30	0	1
2	1	1	787	1.334	403260	30	0	1
2	1	1	789	1	369796	30	0	1
2	1	1	790	1.2	385588	30	0	1
2	1	1	791	1.066	358328	30	0	1
2	1	1	792	1.199	372052	30	0	1
2	1	1	793	1.166	388784	30	0	1
2	1	1	795	1.2	385212	30	0	1
2	1	1	796	1.033	360960	30	0	1
2	1	1	797	1.1	365472	30	0	1
2	1	1	798	1.1	375436	30	0	1
2	1	1	799	1.301	401944	30	0	1
2	1	1	800	1.234	379384	30	0	1
2	1	1	801	1.167	374496	30	0	1
2	1	1	802	1.201	373368	30	0	1
2	1	1	803	1.233	381452	30	0	1
2	1	1	804	1.099	385776	30	0	1
2	1	1	805	1.033	372992	30	0	1
2	1	1	806	1	367540	30	0	1
2	1	1	807	1.066	362088	30	0	1
2	1	1	808	1.199	372428	30	0	1
2	1	1	809	1.267	391792	30	0	1
2	1	1	810	1.267	399688	30	0	1
2	1	1	811	1.267	388032	30	0	1
2	1	1	812	1.067	372052	30	0	1
2	1	1	814	1.066	375060	30	0	1
2	1	1	815	1.167	394048	30	0	1
2	1	1	816	1.166	393860	30	0	1
2	1	1	818	1.267	372992	30	0	1
2	1	1	819	1.166	382392	30	0	1
2	1	1	820	1.234	399876	30	0	1
2	1	1	821	1.2	393672	30	0	1
2	1	1	822	1	361336	30	0	1
2	1	1	823	1.134	374872	30	0	1
2	1	1	824	1.067	354380	30	0	1
2	1	1	825	1	367728	30	0	1
2	1	1	826	1.234	399500	30	0	1
2	1	1	827	1.267	396680	30	0	1
2	1	1	828	1.268	373556	30	0	1
2	1	1	830	1.2	394988	30	0	1
2	1	1	831	1.234	393672	30	0	1
2	1	1	832	1.133	370360	30	0	1
2	1	1	833	1.133	373368	30	0	1
2	1	1	834	1.301	377316	30	0	1
2	1	1	835	1.167	376188	30	0	1
2	1	1	836	1.201	395552	30	0	1
2	1	1	837	1.2	391604	30	0	1
2	1	1	838	1.233	385024	30	0	1
2	1	1	839	1.267	375624	30	0	1
2	1	1	840	1.301	402884	30	0	1
2	1	1	841	1.301	399124	30	0	1
2	1	1	842	1.166	381076	30	0	1
2	1	1	843	1.233	378068	30	0	1
2	1	1	844	1.268	375624	30	0	1
2	1	1	845	1.267	392168	30	0	1
2	1	1	846	1.166	392920	30	0	1
2	1	1	847	1.167	382204	30	0	1
2	1	1	848	1.267	385024	30	0	1
2	1	1	849	1	353064	30	0	1
2	1	1	850	1.201	379196	30	0	1
2	1	1	851	1.2	384084	30	0	1
2	1	1	853	1.133	377128	30	0	1
2	1	1	854	0.999	357012	30	0	1
2	1	1	855	1.234	379008	30	0	1
2	1	1	856	1	363968	30	0	1
2	1	1	858	1.301	400816	30	0	1
2	1	1	859	1.067	366412	30	0	1
2	1	1	860	1.167	361712	30	0	1
2	1	1	861	1.233	387092	30	0	1
2	1	1	862	1.1	379384	30	0	1
2	1	1	864	1.1	378820	30	0	1
2	1	1	865	1.166	375812	30	0	1
2	1	1	866	1.368	396868	30	0	1
2	1	1	867	1.234	398560	30	0	1
2	1	1	868	1.268	407584	30	0	1
2	1	1	869	1.067	374496	30	0	1
2	1	1	870	1.266	376752	30	0	1
2	1	1	871	1.334	403260	30	0	1
2	1	1	872	1.367	407396	30	0	1
2	1	1	873	1.166	381076	30	0	1
2	1	1	874	1.201	385024	30	0	1
2	1	1	875	1.268	378068	30	0	1
2	1	1	876	1.267	379008	30	0	1
2	1	1	877	1.201	386528	30	0	1
2	1	1	878	1.1	371300	30	0	1
2	1	1	879	1.167	379760	30	0	1
2	1	1	881	1.233	383144	30	0	1
2	1	1	882	1.066	383144	30	0	1
2	1	1	883	1.134	380324	30	0	1
2	1	1	884	1.133	372240	30	0	1
2	1	1	885	1.267	381452	30	0	1
2	1	1	886	1.267	366976	30	0	1
2	1	1	887	1.166	380324	30	0	1
2	1	1	889	1.1	385024	30	0	1
2	1	1	891	1.266	379008	30	0	1
2	1	1	892	1.199	385588	30	0	1
2	1	1	893	1.066	384648	30	0	1
2	1	1	894	1.2	389160	30	0	1
2	1	1	895	1.234	380700	30	0	1
3	1	2	898	2.066	928156	60	0	1
3	1	2	899	1.999	884728	60	0	1
3	1	2	900	1.999	924772	60	0	1
3	1	2	901	1.999	914244	60	0	1
3	1	2	902	1.999	879840	60	0	1
3	1	2	903	1.999	903528	60	0	1
3	1	2	904	1.999	893376	60	0	1
3	1	2	905	1.999	903528	60	0	1
3	1	2	906	1.999	915748	60	0	1
3	1	2	907	1.999	901648	60	0	1
3	1	2	908	1.999	892436	60	0	1
3	1	2	909	1.999	926276	60	0	1
3	1	2	910	1.999	899204	60	0	1
3	1	2	911	1.999	884164	60	0	1
3	1	2	913	1.999	892248	60	0	1
3	1	2	914	1.999	895068	60	0	1
3	1	2	915	1.999	921200	60	0	1
3	1	2	916	1.999	903716	60	0	1
3	1	2	917	1.999	889052	60	0	1
3	1	2	918	1.999	907664	60	0	1
3	1	2	919	1.999	913492	60	0	1
3	1	2	920	1.999	925148	60	0	1
3	1	2	921	1.999	917252	60	0	1
3	1	2	922	1.999	892624	60	0	1
3	1	2	923	1.999	908980	60	0	1
3	1	2	924	1.999	940188	60	0	1
3	1	2	925	1.999	907664	60	0	1
3	1	2	926	1.999	921012	60	0	1
3	1	2	927	1.999	919884	60	0	1
3	1	2	928	1.999	901836	60	0	1
3	1	2	929	1.999	905032	60	0	1
3	1	2	930	1.999	915748	60	0	1
3	1	2	931	1.999	902024	60	0	1
3	1	2	932	1.999	925900	60	0	1
3	1	2	933	1.999	932104	60	0	1
3	1	2	934	1.999	912176	60	0	1
3	1	2	935	1.999	931164	60	0	1
3	1	2	936	1.999	921576	60	0	1
3	1	2	937	1.999	894128	60	0	1
3	1	2	938	1.999	918944	60	0	1
3	1	2	939	1.999	919320	60	0	1
3	1	2	940	1.999	912552	60	0	1
3	1	2	941	1.999	930600	60	0	1
3	1	2	942	1.999	912928	60	0	1
3	1	2	943	1.999	891684	60	0	1
3	1	2	944	1.999	906348	60	0	1
3	1	2	945	1.999	902776	60	0	1
3	1	2	946	1.999	895256	60	0	1
3	1	2	947	1.999	914996	60	0	1
3	1	2	948	1.999	914620	60	0	1
3	1	2	949	1.999	912552	60	0	1
3	1	2	950	1.999	935488	60	0	1
3	1	2	951	1.999	894880	60	0	1
3	1	2	952	1.999	904280	60	0	1
3	1	2	953	1.999	946392	60	0	1
3	1	2	954	1.999	888112	60	0	1
3	1	2	955	1.999	906536	60	0	1
3	1	2	956	1.999	918380	60	0	1
3	1	2	957	1.999	913868	60	0	1
3	1	2	958	1.999	915184	60	0	1
3	1	2	959	1.999	922704	60	0	1
3	1	2	960	1.999	889804	60	0	1
3	1	2	961	1.999	924396	60	0	1
3	1	2	962	1.999	917252	60	0	1
3	1	2	963	1.999	906160	60	0	1
3	1	2	964	1.999	924960	60	0	1
3	1	2	965	1.999	943384	60	0	1
3	1	2	966	1.999	914056	60	0	1
3	1	2	967	1.999	918004	60	0	1
3	1	2	968	1.999	921200	60	0	1
3	1	2	969	1.999	898452	60	0	1
3	1	2	970	1.999	933044	60	0	1
3	1	2	971	1.999	923080	60	0	1
3	1	2	972	1.999	894880	60	0	1
3	1	2	973	1.999	920260	60	0	1
3	1	2	974	1.999	933420	60	0	1
3	1	2	975	1.999	894504	60	0	1
3	1	2	976	1.999	925900	60	0	1
3	1	2	977	1.999	914996	60	0	1
3	1	2	978	1.999	916312	60	0	1
3	1	2	979	1.999	927028	60	0	1
3	1	2	980	1.999	904656	60	0	1
3	1	2	981	1.999	922892	60	0	1
3	1	2	982	1.999	944700	60	0	1
3	1	2	983	1.999	910296	60	0	1
3	1	2	984	1.999	904844	60	0	1
3	1	2	985	1.999	937556	60	0	1
3	1	2	986	1.999	893000	60	0	1
3	1	2	987	1.999	899016	60	0	1
3	1	2	988	1.999	908792	60	0	1
3	1	2	989	1.999	906912	60	0	1
3	1	2	990	1.999	940188	60	0	1
3	1	2	991	1.999	917816	60	0	1
3	1	2	992	1.999	899580	60	0	1
3	1	2	993	1.999	896948	60	0	1
3	1	2	994	1.999	897136	60	0	1
3	1	2	995	1.999	903528	60	0	1
3	1	2	996	1.999	941504	60	0	1
3	1	2	997	1.999	918192	60	0	1
3	1	2	998	1.999	899768	60	0	1
3	1	2	999	1.999	932292	60	0	1
3	1	2	1000	1.999	902212	60	0	1
3	1	2	1001	1.999	890744	60	0	1
3	1	2	1002	1.999	911424	60	0	1
3	1	2	1003	1.999	902588	60	0	1
3	1	2	1004	1.999	912552	60	0	1
3	1	2	1005	1.999	934736	60	0	1
3	1	2	1006	1.999	906160	60	0	1
3	1	2	1007	1.999	910672	60	0	1
3	1	2	1008	1.999	924396	60	0	1
3	1	2	1009	1.999	911048	60	0	1
3	1	2	1010	1.999	927592	60	0	1
3	1	2	1011	1.999	911424	60	0	1
3	1	2	1012	1.999	898828	60	0	1
3	1	2	1013	1.999	932104	60	0	1
3	1	2	1014	1.999	917816	60	0	1
3	1	2	1015	1.999	909920	60	0	1
3	1	2	1016	1.999	939436	60	0	1
3	1	2	1017	1.999	924584	60	0	1
3	1	2	1018	1.999	904656	60	0	1
3	1	2	1019	1.999	914620	60	0	1
3	1	2	1020	1.999	910672	60	0	1
3	1	2	1021	1.999	898264	60	0	1
3	1	2	1022	1.999	941128	60	0	1
3	1	2	1023	1.999	904280	60	0	1
3	1	2	1024	1.999	911612	60	0	1
3	1	2	1025	1.999	925336	60	0	1
3	1	2	1026	1.999	907664	60	0	1
3	1	2	1027	1.999	899956	60	0	1
3	1	2	1028	1.999	920260	60	0	1
3	1	2	1029	1.999	910860	60	0	1
3	1	2	1030	1.999	922516	60	0	1
3	1	2	1031	1.999	930224	60	0	1
3	1	2	1032	1.999	894316	60	0	1
3	1	2	1033	1.999	901460	60	0	1
3	1	2	1034	1.999	929096	60	0	1
3	1	2	1035	1.999	889052	60	0	1
3	1	2	1036	1.999	912740	60	0	1
3	1	2	1037	1.999	908228	60	0	1
3	1	2	1038	1.999	913304	60	0	1
3	1	2	1039	1.999	920260	60	0	1
3	1	2	1040	1.999	920260	60	0	1
3	1	2	1041	1.999	889052	60	0	1
3	1	2	1042	1.999	932480	60	0	1
3	1	2	1043	1.999	907100	60	0	1
3	1	2	1044	1.999	904656	60	0	1
3	1	2	1045	1.999	907664	60	0	1
3	1	2	1046	1.999	905596	60	0	1
3	1	2	1047	1.999	912364	60	0	1
3	1	2	1048	1.999	943572	60	0	1
3	1	2	1049	1.999	894880	60	0	1
3	1	2	1050	1.999	902776	60	0	1
3	1	2	1051	1.999	917064	60	0	1
3	1	2	1052	1.999	878148	60	0	1
3	1	2	1053	1.999	918380	60	0	1
3	1	2	1054	1.999	915936	60	0	1
3	1	2	1055	1.999	926652	60	0	1
3	1	2	1056	1.999	929472	60	0	1
3	1	2	1057	1.999	921952	60	0	1
3	1	2	1058	1.999	900144	60	0	1
3	1	2	1059	1.999	913680	60	0	1
3	1	2	1060	1.999	896572	60	0	1
3	1	2	1061	1.999	912364	60	0	1
3	1	2	1062	1.999	910860	60	0	1
3	1	2	1063	1.999	911048	60	0	1
3	1	2	1064	1.999	899392	60	0	1
3	1	2	1065	1.999	926088	60	0	1
3	1	2	1066	1.999	911612	60	0	1
3	1	2	1067	1.999	894504	60	0	1
3	1	2	1068	1.999	924020	60	0	1
3	1	2	1069	1.999	904656	60	0	1
3	1	2	1070	1.999	916876	60	0	1
3	1	2	1071	1.999	924208	60	0	1
3	1	2	1072	1.999	909356	60	0	1
3	1	2	1073	1.999	914808	60	0	1
3	1	2	1074	1.999	906536	60	0	1
3	1	2	1075	1.999	899580	60	0	1
3	1	2	1076	1.999	915748	60	0	1
3	1	2	1077	1.999	934360	60	0	1
3	1	2	1078	1.999	894880	60	0	1
3	1	2	1079	1.999	926088	60	0	1
3	1	2	1080	1.999	931164	60	0	1
3	1	2	1081	1.999	911612	60	0	1
3	1	2	1082	1.999	928720	60	0	1
3	1	2	1083	1.999	916876	60	0	1
3	1	2	1084	1.999	902400	60	0	1
3	1	2	1085	1.999	921388	60	0	1
3	1	2	1086	1.999	924396	60	0	1
3	1	2	1087	1.999	912176	60	0	1
3	1	2	1088	1.999	927592	60	0	1
3	1	2	1089	1.999	927968	60	0	1
3	1	2	1090	1.999	890180	60	0	1
3	1	2	1091	1.999	929660	60	0	1
3	1	2	1092	1.999	905032	60	0	1
3	1	2	1093	1.999	901084	60	0	1
3	1	2	1094	1.999	917816	60	0	1
3	1	2	1095	1.999	906912	60	0	1
3	1	2	1096	1.999	908792	60	0	1
3	1	2	1097	1.999	922516	60	0	1
3	1	2	1098	1.999	898264	60	0	1
3	1	2	1099	1.999	929660	60	0	1
3	1	2	1100	1.999	904656	60	0	1
3	1	2	1102	1.999	918380	60	0	1
3	1	2	1103	1.999	925336	60	0	1
3	1	2	1104	1.999	925712	60	0	1
3	1	2	1105	1.999	903528	60	0	1
3	1	2	1106	1.999	933796	60	0	1
3	1	2	1107	1.999	911048	60	0	1
3	1	2	1108	1.999	913680	60	0	1
3	1	2	1109	1.999	898264	60	0	1
3	1	2	1110	1.999	907852	60	0	1
3	1	2	1111	1.999	926464	60	0	1
3	1	2	1112	1.999	926652	60	0	1
3	1	2	1113	1.999	903340	60	0	1
3	1	2	1114	1.999	924960	60	0	1
3	1	2	1115	1.999	908980	60	0	1
3	1	2	1116	1.999	895068	60	0	1
3	1	2	1117	1.999	939436	60	0	1
3	1	2	1118	1.999	910484	60	0	1
3	1	2	1119	1.999	906160	60	0	1
3	1	2	1120	1.999	945640	60	0	1
3	1	2	1121	1.999	906160	60	0	1
3	1	2	1122	1.999	906912	60	0	1
3	1	2	1123	1.999	924960	60	0	1
3	1	2	1124	1.999	911800	60	0	1
3	1	2	1125	1.999	897136	60	0	1
3	1	2	1126	1.999	918004	60	0	1
3	1	2	1127	1.999	890180	60	0	1
3	1	2	1128	1.999	914808	60	0	1
3	1	2	1129	1.999	926840	60	0	1
3	1	2	1130	1.999	914244	60	0	1
3	1	2	1131	1.999	908416	60	0	1
3	1	2	1132	1.999	907852	60	0	1
3	1	2	1133	1.999	903528	60	0	1
3	1	2	1134	1.999	926652	60	0	1
3	1	2	1135	1.999	914244	60	0	1
3	1	2	1136	1.999	899016	60	0	1
3	1	2	1137	1.999	934924	60	0	1
3	1	2	1138	1.999	912740	60	0	1
4	2	2	1142	2.166	720604	60	0	1
4	2	2	1143	2.1	722484	60	0	1
4	2	2	1144	2.033	773620	60	0	1
4	2	2	1145	1.999	753504	60	0	1
4	2	2	1146	1.999	758768	60	0	1
4	2	2	1147	1.999	810468	60	0	1
4	2	2	1148	1.999	771364	60	0	1
4	2	2	1149	1.999	808776	60	0	1
4	2	2	1150	1.999	764784	60	0	1
4	2	2	1151	1.999	801632	60	0	1
4	2	2	1152	1.999	776440	60	0	1
4	2	2	1153	1.999	776628	60	0	1
4	2	2	1154	1.999	787532	60	0	1
4	2	2	1155	1.999	777192	60	0	1
4	2	2	1157	1.999	769672	60	0	1
4	2	2	1158	1.999	808212	60	0	1
4	2	2	1159	1.999	771176	60	0	1
4	2	2	1160	1.999	785840	60	0	1
4	2	2	1161	1.999	784900	60	0	1
4	2	2	1162	1.999	777192	60	0	1
4	2	2	1163	1.999	774560	60	0	1
4	2	2	1164	1.999	755384	60	0	1
4	2	2	1165	1.999	776816	60	0	1
4	2	2	1166	1.999	768168	60	0	1
4	2	2	1167	1.999	795616	60	0	1
4	2	2	1168	1.999	773432	60	0	1
4	2	2	1169	1.999	786216	60	0	1
4	2	2	1170	1.999	784712	60	0	1
4	2	2	1171	1.999	785088	60	0	1
4	2	2	1172	1.999	794112	60	0	1
4	2	2	1173	1.999	754632	60	0	1
4	2	2	1174	1.999	799188	60	0	1
4	2	2	1175	1.999	764784	60	0	1
4	2	2	1176	1.999	793360	60	0	1
4	2	2	1177	1.999	770988	60	0	1
4	2	2	1178	1.999	776064	60	0	1
4	2	2	1179	1.999	781140	60	0	1
4	2	2	1180	1.999	771176	60	0	1
4	2	2	1181	1.999	796744	60	0	1
4	2	2	1182	1.999	761400	60	0	1
4	2	2	1183	1.999	797684	60	0	1
4	2	2	1184	1.999	769484	60	0	1
4	2	2	1185	1.999	807084	60	0	1
4	2	2	1186	1.999	780952	60	0	1
4	2	2	1187	1.999	761964	60	0	1
4	2	2	1188	1.999	796180	60	0	1
4	2	2	1189	1.999	771364	60	0	1
4	2	2	1190	1.999	801632	60	0	1
4	2	2	1191	1.999	760084	60	0	1
4	2	2	1192	1.999	803136	60	0	1
4	2	2	1193	1.999	789600	60	0	1
4	2	2	1194	1.999	809340	60	0	1
4	2	2	1195	1.999	770800	60	0	1
4	2	2	1196	1.999	790728	60	0	1
4	2	2	1197	1.999	792420	60	0	1
4	2	2	1198	1.999	778696	60	0	1
4	2	2	1199	1.999	781140	60	0	1
4	2	2	1200	1.999	750120	60	0	1
4	2	2	1201	1.999	810468	60	0	1
4	2	2	1202	1.999	780012	60	0	1
4	2	2	1203	1.999	805392	60	0	1
4	2	2	1204	1.999	790540	60	0	1
4	2	2	1205	1.999	795052	60	0	1
4	2	2	1206	1.999	796932	60	0	1
4	2	2	1207	1.999	791104	60	0	1
4	2	2	1208	1.999	795804	60	0	1
4	2	2	1209	1.999	764032	60	0	1
4	2	2	1210	1.999	777004	60	0	1
4	2	2	1211	1.999	761776	60	0	1
4	2	2	1212	1.999	795428	60	0	1
4	2	2	1213	1.999	777944	60	0	1
4	2	2	1214	1.999	776440	60	0	1
4	2	2	1215	1.999	770048	60	0	1
4	2	2	1216	1.999	780200	60	0	1
4	2	2	1217	1.999	805768	60	0	1
4	2	2	1218	1.999	782080	60	0	1
4	2	2	1219	1.999	823628	60	0	1
4	2	2	1220	1.999	783584	60	0	1
4	2	2	1221	1.999	781516	60	0	1
4	2	2	1222	1.999	789976	60	0	1
4	2	2	1223	1.999	789600	60	0	1
4	2	2	1224	1.999	795992	60	0	1
4	2	2	1225	1.999	757264	60	0	1
4	2	2	1226	1.999	798060	60	0	1
4	2	2	1227	1.999	748428	60	0	1
4	2	2	1228	1.999	802384	60	0	1
4	2	2	1229	1.999	797872	60	0	1
4	2	2	1230	1.999	779260	60	0	1
4	2	2	1231	1.999	773996	60	0	1
4	2	2	1232	1.999	760460	60	0	1
4	2	2	1233	1.999	809152	60	0	1
4	2	2	1234	1.999	784900	60	0	1
4	2	2	1235	1.999	793736	60	0	1
4	2	2	1236	1.999	756324	60	0	1
4	2	2	1237	1.999	786404	60	0	1
4	2	2	1238	1.999	787532	60	0	1
4	2	2	1239	1.999	792796	60	0	1
4	2	2	1240	1.999	804076	60	0	1
4	2	2	1241	1.999	792608	60	0	1
4	2	2	1242	1.999	809904	60	0	1
4	2	2	1243	1.999	779260	60	0	1
4	2	2	1244	1.999	801820	60	0	1
4	2	2	1245	1.999	763092	60	0	1
4	2	2	1246	1.999	798624	60	0	1
4	2	2	1247	1.999	787532	60	0	1
4	2	2	1248	1.999	774372	60	0	1
4	2	2	1249	1.999	802572	60	0	1
4	2	2	1250	1.999	767980	60	0	1
4	2	2	1251	1.999	810656	60	0	1
4	2	2	1252	1.999	781892	60	0	1
4	2	2	1253	1.999	819304	60	0	1
4	2	2	1254	1.999	780012	60	0	1
4	2	2	1255	1.999	806520	60	0	1
4	2	2	1256	1.999	790916	60	0	1
4	2	2	1257	1.999	795804	60	0	1
4	2	2	1258	1.999	801068	60	0	1
4	2	2	1259	1.999	786216	60	0	1
4	2	2	1260	1.999	780576	60	0	1
4	2	2	1261	1.999	756512	60	0	1
4	2	2	1262	1.999	806332	60	0	1
4	2	2	1263	1.999	769108	60	0	1
4	2	2	1264	2.033	807272	60	0	1
4	2	2	1265	2	777004	60	0	1
4	2	2	1266	2	798436	60	0	1
4	2	2	1267	2	776628	60	0	1
4	2	2	1268	2	795616	60	0	1
4	2	2	1269	2	789412	60	0	1
4	2	2	1270	2	768168	60	0	1
4	2	2	1271	2	801632	60	0	1
4	2	2	1272	2	769108	60	0	1
4	2	2	1273	2	794676	60	0	1
4	2	2	1274	2	781516	60	0	1
4	2	2	1275	2	797496	60	0	1
4	2	2	1276	2	794112	60	0	1
4	2	2	1277	2	781516	60	0	1
4	2	2	1278	2	788472	60	0	1
4	2	2	1279	2	782268	60	0	1
4	2	2	1280	2	784336	60	0	1
4	2	2	1281	2	773808	60	0	1
4	2	2	1282	2	813852	60	0	1
4	2	2	1283	2	776816	60	0	1
4	2	2	1284	2	794864	60	0	1
4	2	2	1285	2	781328	60	0	1
4	2	2	1286	2	767604	60	0	1
4	2	2	1287	2	776816	60	0	1
4	2	2	1288	2	783208	60	0	1
4	2	2	1289	2	802008	60	0	1
4	2	2	1290	2	774936	60	0	1
4	2	2	1291	2	809152	60	0	1
4	2	2	1292	2	779448	60	0	1
4	2	2	1293	2.066	759520	60	0	1
4	2	2	1294	1.999	785840	60	0	1
4	2	2	1296	1.999	790728	60	0	1
4	2	2	1297	1.999	764972	60	0	1
4	2	2	1298	1.999	805392	60	0	1
4	2	2	1299	1.999	755572	60	0	1
4	2	2	1300	1.999	784900	60	0	1
4	2	2	1301	1.999	768356	60	0	1
4	2	2	1302	1.999	772492	60	0	1
4	2	2	1303	1.999	783960	60	0	1
4	2	2	1304	1.999	793736	60	0	1
4	2	2	1305	1.999	804828	60	0	1
4	2	2	1306	1.999	773620	60	0	1
4	2	2	1307	1.999	800504	60	0	1
4	2	2	1308	1.999	751624	60	0	1
4	2	2	1309	1.999	777380	60	0	1
4	2	2	1310	1.999	791104	60	0	1
4	2	2	1311	1.999	784148	60	0	1
4	2	2	1312	1.999	791292	60	0	1
4	2	2	1313	1.999	777568	60	0	1
4	2	2	1314	1.999	795804	60	0	1
4	2	2	1315	1.999	770236	60	0	1
4	2	2	1316	1.999	783208	60	0	1
4	2	2	1317	1.999	749556	60	0	1
4	2	2	1318	1.999	793172	60	0	1
4	2	2	1319	1.999	792044	60	0	1
4	2	2	1320	1.999	790728	60	0	1
4	2	2	1321	1.999	792796	60	0	1
4	2	2	1322	1.999	788284	60	0	1
4	2	2	1323	1.999	773244	60	0	1
4	2	2	1324	1.999	769296	60	0	1
4	2	2	1325	1.999	822500	60	0	1
4	2	2	1326	1.999	779824	60	0	1
4	2	2	1327	1.999	802008	60	0	1
4	2	2	1328	1.999	776252	60	0	1
4	2	2	1329	1.999	764596	60	0	1
4	2	2	1330	1.999	776064	60	0	1
4	2	2	1331	1.999	783960	60	0	1
4	2	2	1332	1.999	796368	60	0	1
4	2	2	1333	1.999	765160	60	0	1
4	2	2	1334	1.999	813288	60	0	1
4	2	2	1335	1.999	769672	60	0	1
4	2	2	1336	1.999	783208	60	0	1
4	2	2	1337	1.999	804640	60	0	1
4	2	2	1338	1.999	769672	60	0	1
4	2	2	1339	1.999	799000	60	0	1
4	2	2	1340	1.999	782080	60	0	1
4	2	2	1341	1.999	796744	60	0	1
4	2	2	1342	1.999	779260	60	0	1
4	2	2	1343	1.999	810092	60	0	1
4	2	2	1344	1.999	781892	60	0	1
4	2	2	1345	1.999	800692	60	0	1
4	2	2	1346	1.999	770048	60	0	1
4	2	2	1347	1.999	767604	60	0	1
4	2	2	1348	1.999	790916	60	0	1
4	2	2	1349	2.033	773808	60	0	1
4	2	2	1350	2	803136	60	0	1
4	2	2	1351	2	782644	60	0	1
4	2	2	1352	2	811032	60	0	1
4	2	2	1353	2	775876	60	0	1
4	2	2	1354	2	791480	60	0	1
4	2	2	1355	2	794676	60	0	1
4	2	2	1356	2	784900	60	0	1
4	2	2	1357	2	797496	60	0	1
4	2	2	1358	2	758768	60	0	1
4	2	2	1359	2	798436	60	0	1
4	2	2	1360	2	773996	60	0	1
4	2	2	1361	2	805956	60	0	1
4	2	2	1362	2	786592	60	0	1
4	2	2	1363	2	791668	60	0	1
4	2	2	1364	2	794112	60	0	1
4	2	2	1365	2	787156	60	0	1
4	2	2	1366	2	800128	60	0	1
4	2	2	1367	2	768732	60	0	1
4	2	2	1368	2	791668	60	0	1
4	2	2	1369	2	775500	60	0	1
4	2	2	1370	2	800128	60	0	1
4	2	2	1371	2	782080	60	0	1
4	2	2	1372	2	797496	60	0	1
4	2	2	1373	2	798248	60	0	1
4	2	2	1374	2	760084	60	0	1
4	2	2	1376	2	764408	60	0	1
4	2	2	1377	2	799000	60	0	1
4	2	2	1378	2	771364	60	0	1
4	2	2	1379	2	813288	60	0	1
4	2	2	1380	2	786028	60	0	1
4	2	2	1381	2	805392	60	0	1
5	2	0.5	1393	0.5	226916	15	0	1
5	2	0.5	1395	0.5	215636	15	0	1
5	2	0.5	1396	0.5	231240	15	0	1
5	2	0.5	1401	0.5	227856	15	0	1
5	2	0.5	1403	0.5	231428	15	0	1
5	2	0.5	1405	0.5	233496	15	0	1
5	2	0.5	1407	0.5	225600	15	0	1
5	2	0.5	1410	0.5	232368	15	0	1
5	2	0.5	1413	0.5	226540	15	0	1
5	2	0.5	1416	0.5	233308	15	0	1
5	2	0.5	1418	0.5	232744	15	0	1
5	2	0.5	1421	0.5	222404	15	0	1
5	2	0.5	1424	0.5	230488	15	0	1
5	2	0.5	1427	0.5	227668	15	0	1
5	2	0.5	1429	0.5	227104	15	0	1
5	2	0.5	1432	0.5	226540	15	0	1
5	2	0.5	1434	0.5	231052	15	0	1
5	2	0.5	1437	0.5	231052	15	0	1
5	2	0.5	1443	0.5	236692	15	0	1
5	2	0.5	1445	0.5	225788	15	0	1
5	2	0.5	1446	0.5	229172	15	0	1
5	2	0.5	1452	0.5	222968	15	0	1
5	2	0.5	1457	0.5	220524	15	0	1
5	2	0.5	1459	0.5	234060	15	0	1
5	2	0.5	1461	0.5	232932	15	0	1
5	2	0.5	1465	0.5	230112	15	0	1
5	2	0.5	1468	0.5	232180	15	0	1
5	2	0.5	1470	0.5	220524	15	0	1
5	2	0.5	1473	0.5	235000	15	0	1
5	2	0.5	1475	0.5	216576	15	0	1
5	2	0.5	1481	0.5	233308	15	0	1
5	2	0.5	1483	0.5	227480	15	0	1
5	2	0.5	1487	0.5	231616	15	0	1
5	2	0.5	1490	0.5	236316	15	0	1
5	2	0.5	1493	0.5	234436	15	0	1
5	2	0.5	1497	0.5	233308	15	0	1
5	2	0.5	1500	0.5	227480	15	0	1
5	2	0.5	1504	0.5	235188	15	0	1
5	2	0.5	1508	0.5	231052	15	0	1
5	2	0.5	1510	0.5	237256	15	0	1
5	2	0.5	1512	0.5	224848	15	0	1
5	2	0.5	1514	0.5	224848	15	0	1
5	2	0.5	1516	0.5	231240	15	0	1
5	2	0.5	1518	0.5	235376	15	0	1
5	2	0.5	1524	0.5	231428	15	0	1
5	2	0.5	1525	0.5	227104	15	0	1
5	2	0.5	1527	0.5	228608	15	0	1
5	2	0.5	1530	0.5	237068	15	0	1
5	2	0.5	1532	0.5	235940	15	0	1
5	2	0.5	1534	0.5	242896	15	0	1
5	2	0.5	1536	0.5	224096	15	0	1
5	2	0.5	1541	0.5	227480	15	0	1
5	2	0.5	1544	0.5	222780	15	0	1
5	2	0.5	1546	0.5	229172	15	0	1
5	2	0.5	1552	0.5	232744	15	0	1
5	2	0.5	1555	0.5	225412	15	0	1
5	2	0.5	1557	0.5	240452	15	0	1
5	2	0.5	1561	0.5	227668	15	0	1
5	2	0.5	1565	0.5	226164	15	0	1
5	2	0.5	1567	0.5	222968	15	0	1
5	2	0.5	1568	0.5	230112	15	0	1
5	2	0.5	1569	0.5	231804	15	0	1
5	2	0.5	1571	0.5	231616	15	0	1
5	2	0.5	1574	0.5	220148	15	0	1
5	2	0.5	1575	0.5	227480	15	0	1
5	2	0.5	1578	0.5	229548	15	0	1
5	2	0.5	1581	0.5	238572	15	0	1
5	2	0.5	1588	0.5	249476	15	0	1
5	2	0.5	1591	0.5	223720	15	0	1
5	2	0.5	1594	0.5	240452	15	0	1
5	2	0.5	1596	0.5	226540	15	0	1
5	2	0.5	1598	0.5	230488	15	0	1
5	2	0.5	1600	0.5	235564	15	0	1
5	2	0.5	1602	0.5	226352	15	0	1
5	2	0.5	1603	0.5	226916	15	0	1
5	2	0.5	1606	0.5	243460	15	0	1
5	2	0.5	1608	0.5	229548	15	0	1
5	2	0.5	1610	0.5	231992	15	0	1
5	2	0.5	1612	0.5	233872	15	0	1
5	2	0.5	1614	0.5	218832	15	0	1
5	2	0.5	1616	0.5	236692	15	0	1
5	2	0.5	1618	0.5	236504	15	0	1
5	2	0.5	1620	0.5	227292	15	0	1
5	2	0.5	1622	0.5	229360	15	0	1
5	2	0.5	1624	0.5	234624	15	0	1
5	2	0.5	1626	0.5	224096	15	0	1
5	2	0.5	1628	0.5	235376	15	0	1
5	2	0.5	1630	0.5	238948	15	0	1
5	2	0.5	1633	0.5	218080	15	0	1
5	2	0.5	1640	0.5	233308	15	0	1
5	2	0.5	1648	0.5	241768	15	0	1
5	2	0.5	1650	0.5	230112	15	0	1
5	2	0.5	1652	0.5	230864	15	0	1
5	2	0.5	1658	0.5	232368	15	0	1
5	2	0.5	1660	0.5	241580	15	0	1
5	2	0.5	1666	0.5	237820	15	0	1
5	2	0.5	1670	0.5	232744	15	0	1
5	2	0.5	1681	0.5	220336	15	0	1
5	2	0.5	1683	0.5	238572	15	0	1
5	2	0.5	1689	0.5	238196	15	0	1
5	2	0.5	1691	0.5	228044	15	0	1
5	2	0.5	1694	0.5	224660	15	0	1
5	2	0.5	1697	0.5	228608	15	0	1
5	2	0.5	1700	0.5	234060	15	0	1
5	2	0.5	1705	0.5	224284	15	0	1
5	2	0.5	1708	0.5	241580	15	0	1
5	2	0.5	1711	0.5	230864	15	0	1
5	2	0.5	1715	0.5	239888	15	0	1
5	2	0.5	1717	0.5	221652	15	0	1
5	2	0.5	1722	0.5	226352	15	0	1
5	2	0.5	1725	0.5	233872	15	0	1
5	2	0.5	1728	0.5	227480	15	0	1
5	2	0.5	1730	0.5	226728	15	0	1
5	2	0.5	1733	0.5	228232	15	0	1
5	2	0.5	1735	0.5	223532	15	0	1
5	2	0.5	1737	0.5	226164	15	0	1
5	2	0.5	1740	0.5	236128	15	0	1
5	2	0.5	1741	0.5	221276	15	0	1
5	2	0.5	1743	0.5	230488	15	0	1
5	2	0.5	1746	0.5	238196	15	0	1
5	2	0.5	1748	0.5	233684	15	0	1
5	2	0.5	1749	0.5	233120	15	0	1
5	2	0.5	1755	0.5	226164	15	0	1
5	2	0.5	1758	0.5	228044	15	0	1
5	2	0.5	1760	0.5	226540	15	0	1
5	2	0.5	1765	0.5	225976	15	0	1
5	2	0.5	1768	0.5	239512	15	0	1
5	2	0.5	1771	0.5	225412	15	0	1
5	2	0.5	1774	0.5	236692	15	0	1
5	2	0.5	1776	0.5	228232	15	0	1
5	2	0.5	1780	0.5	239888	15	0	1
5	2	0.5	1784	0.5	221652	15	0	1
5	2	0.5	1788	0.5	240264	15	0	1
5	2	0.5	1790	0.5	224472	15	0	1
5	2	0.5	1792	0.5	234812	15	0	1
5	2	0.5	1794	0.5	238760	15	0	1
5	2	0.5	1797	0.5	235564	15	0	1
5	2	0.5	1799	0.5	232180	15	0	1
5	2	0.5	1801	0.5	228608	15	0	1
5	2	0.5	1802	0.5	222028	15	0	1
5	2	0.5	1804	0.5	230864	15	0	1
5	2	0.5	1806	0.5	225412	15	0	1
5	2	0.5	1809	0.5	231052	15	0	1
5	2	0.5	1812	0.5	232556	15	0	1
5	2	0.5	1814	0.5	229736	15	0	1
5	2	0.5	1818	0.5	237444	15	0	1
5	2	0.5	1820	0.5	224660	15	0	1
5	2	0.5	1824	0.5	227480	15	0	1
5	2	0.5	1826	0.5	225976	15	0	1
5	2	0.5	1828	0.5	238196	15	0	1
5	2	0.5	1831	0.5	229172	15	0	1
5	2	0.5	1833	0.5	215636	15	0	1
5	2	0.5	1835	0.5	235940	15	0	1
5	2	0.5	1839	0.5	223720	15	0	1
5	2	0.5	1842	0.5	239888	15	0	1
5	2	0.5	1844	0.5	233872	15	0	1
5	2	0.5	1849	0.5	239512	15	0	1
5	2	0.5	1850	0.5	238948	15	0	1
5	2	0.5	1854	0.5	238008	15	0	1
5	2	0.5	1856	0.5	227292	15	0	1
5	2	0.5	1859	0.5	230112	15	0	1
5	2	0.5	1861	0.5	236880	15	0	1
5	2	0.5	1866	0.5	237820	15	0	1
5	2	0.5	1869	0.5	226916	15	0	1
5	2	0.5	1875	0.5	229360	15	0	1
5	2	0.5	1878	0.5	231240	15	0	1
5	2	0.5	1881	0.5	232180	15	0	1
5	2	0.5	1885	0.5	235752	15	0	1
5	2	0.5	1887	0.5	230112	15	0	1
5	2	0.5	1889	0.5	221088	15	0	1
5	2	0.5	1893	0.5	232180	15	0	1
5	2	0.5	1897	0.5	239324	15	0	1
5	2	0.5	1900	0.5	231240	15	0	1
5	2	0.5	1907	0.5	222216	15	0	1
5	2	0.5	1912	0.5	229548	15	0	1
5	2	0.5	1916	0.5	231616	15	0	1
5	2	0.5	1919	0.5	223532	15	0	1
5	2	0.5	1926	0.5	222780	15	0	1
5	2	0.5	1928	0.5	225976	15	0	1
5	2	0.5	1932	0.5	228232	15	0	1
5	2	0.5	1937	0.5	222216	15	0	1
5	2	0.5	1939	0.5	228984	15	0	1
5	2	0.5	1941	0.5	241580	15	0	1
5	2	0.5	1944	0.5	229172	15	0	1
5	2	0.5	1947	0.5	244588	15	0	1
5	2	0.5	1949	0.5	231992	15	0	1
5	2	0.5	1956	0.5	225600	15	0	1
5	2	0.5	1960	0.5	227856	15	0	1
5	2	0.5	1963	0.5	233308	15	0	1
5	2	0.5	1965	0.5	235376	15	0	1
5	2	0.5	1973	0.5	230300	15	0	1
5	2	0.5	1975	0.5	226916	15	0	1
5	2	0.5	1979	0.5	234060	15	0	1
5	2	0.5	1981	0.5	228044	15	0	1
5	2	0.5	1983	0.5	232932	15	0	1
5	2	0.5	1985	0.5	234060	15	0	1
5	2	0.5	1989	0.5	235752	15	0	1
5	2	0.5	1995	0.5	235376	15	0	1
5	2	0.5	1997	0.5	235188	15	0	1
5	2	0.5	2003	0.5	237632	15	0	1
5	2	0.5	2006	0.5	218456	15	0	1
5	2	0.5	2010	0.5	230676	15	0	1
5	2	0.5	2015	0.5	231804	15	0	1
5	2	0.5	2018	0.5	233120	15	0	1
5	2	0.5	2019	0.5	225036	15	0	1
5	2	0.5	2022	0.5	227856	15	0	1
5	2	0.5	2024	0.5	215260	15	0	1
5	2	0.5	2026	0.5	240452	15	0	1
5	2	0.5	2031	0.5	229360	15	0	1
5	2	0.5	2034	0.5	224660	15	0	1
5	2	0.5	2036	0.5	216764	15	0	1
5	2	0.5	2037	0.5	236880	15	0	1
5	2	0.5	2040	0.5	231052	15	0	1
5	2	0.5	2047	0.5	233872	15	0	1
5	2	0.5	2049	0.5	226916	15	0	1
5	2	0.5	2051	0.5	244024	15	0	1
5	2	0.5	2053	0.5	222780	15	0	1
5	2	0.5	2060	0.5	225976	15	0	1
5	2	0.5	2062	0.5	232556	15	0	1
5	2	0.5	2065	0.5	225412	15	0	1
5	2	0.5	2067	0.5	236504	15	0	1
5	2	0.5	2069	0.5	232744	15	0	1
5	2	0.5	2074	0.5	235000	15	0	1
5	2	0.5	2077	0.5	229736	15	0	1
5	2	0.5	2084	0.5	225224	15	0	1
5	2	0.5	2091	0.5	229360	15	0	1
5	2	0.5	2098	0.5	229172	15	0	1
5	2	0.5	2101	0.5	225412	15	0	1
5	2	0.5	2104	0.5	232932	15	0	1
5	2	0.5	2106	0.5	235564	15	0	1
5	2	0.5	2109	0.5	230488	15	0	1
5	2	0.5	2111	0.5	245152	15	0	1
5	2	0.5	2116	0.5	237444	15	0	1
5	2	0.5	2119	0.5	221840	15	0	1
5	2	0.5	2122	0.5	232368	15	0	1
5	2	0.5	2124	0.5	231616	15	0	1
5	2	0.5	2133	0.5	199656	15	0	1
5	2	0.5	2137	0.499	192136	15	0	1
5	2	0.5	2140	0.499	166568	15	0	1
5	2	0.5	2144	0.5	186872	15	0	1
5	2	0.5	2147	0.533	156604	15	0	1
5	2	0.5	2149	0.533	167508	15	0	1
5	2	0.5	2154	0.567	193640	15	0	1
5	2	0.5	2159	0.5	181796	15	0	1
5	2	0.5	2166	0.5	213380	15	0	1
5	2	0.5	2169	0.5	218268	15	0	1
5	2	0.5	2171	0.5	239136	15	0	1
5	2	0.5	2173	0.5	231992	15	0	1
5	2	0.5	2175	0.5	245152	15	0	1
5	2	0.5	2179	0.5	234060	15	0	1
5	2	0.5	2181	0.5	243836	15	0	1
5	2	0.5	2183	0.5	234812	15	0	1
5	2	0.5	2184	0.5	239512	15	0	1
5	2	0.5	2186	0.5	227480	15	0	1
5	2	0.5	2189	0.5	229924	15	0	1
5	2	0.5	2191	0.5	226540	15	0	1
5	2	0.5	2193	0.5	238008	15	0	1
5	2	0.5	2196	0.5	229736	15	0	1
5	2	0.5	2198	0.5	234060	15	0	1
5	2	0.5	2199	0.5	239700	15	0	1
5	2	0.5	2201	0.5	227480	15	0	1
5	2	0.5	2203	0.5	225412	15	0	1
5	2	0.5	2205	0.5	233496	15	0	1
5	2	0.5	2208	0.5	234624	15	0	1
5	2	0.5	2209	0.5	225412	15	0	1
5	2	0.5	2211	0.5	234248	15	0	1
5	2	0.5	2218	0.5	242896	15	0	1
5	2	0.5	2220	0.5	232744	15	0	1
5	2	0.5	2225	0.5	233684	15	0	1
5	2	0.5	2227	0.5	219396	15	0	1
5	2	0.5	2230	0.5	245528	15	0	1
5	2	0.5	2232	0.5	221840	15	0	1
5	2	0.5	2234	0.5	230300	15	0	1
5	2	0.5	2236	0.5	235376	15	0	1
5	2	0.5	2238	0.5	230112	15	0	1
5	2	0.5	2240	0.5	232368	15	0	1
5	2	0.5	2244	0.5	228796	15	0	1
5	2	0.5	2250	0.5	231804	15	0	1
5	2	0.5	2254	0.5	233872	15	0	1
5	2	0.5	2256	0.5	225600	15	0	1
5	2	0.5	2258	0.5	232368	15	0	1
5	2	0.5	2260	0.5	230112	15	0	1
5	2	0.5	2266	0.5	236692	15	0	1
5	2	0.5	2268	0.5	226728	15	0	1
5	2	0.5	2270	0.5	236504	15	0	1
5	2	0.5	2272	0.5	241580	15	0	1
5	2	0.5	2275	0.5	222592	15	0	1
5	2	0.5	2278	0.5	240828	15	0	1
5	2	0.5	2283	0.5	238760	15	0	1
5	2	0.5	2285	0.5	235000	15	0	1
5	2	0.5	2287	0.5	227856	15	0	1
5	2	0.5	2290	0.5	228984	15	0	1
5	2	0.5	2292	0.5	227668	15	0	1
5	2	0.5	2297	0.5	224848	15	0	1
5	2	0.5	2302	0.5	227668	15	0	1
5	2	0.5	2304	0.5	219772	15	0	1
5	2	0.5	2307	0.5	242332	15	0	1
5	2	0.5	2309	0.5	231052	15	0	1
5	2	0.5	2311	0.5	227480	15	0	1
5	2	0.5	2314	0.5	232368	15	0	1
5	2	0.5	2317	0.5	226916	15	0	1
5	2	0.5	2319	0.5	233120	15	0	1
5	2	0.5	2321	0.5	225036	15	0	1
5	2	0.5	2324	0.5	229736	15	0	1
5	2	0.5	2330	0.5	232556	15	0	1
5	2	0.5	2331	0.5	233496	15	0	1
5	2	0.5	2334	0.5	231616	15	0	1
5	2	0.5	2338	0.5	235752	15	0	1
5	2	0.5	2339	0.5	230488	15	0	1
5	2	0.5	2342	0.5	242144	15	0	1
5	2	0.5	2343	0.5	236316	15	0	1
5	2	0.5	2346	0.5	238196	15	0	1
5	2	0.5	2348	0.5	234060	15	0	1
6	2	1	2354	1	390664	30	0	1
6	2	1	2356	1	383144	30	0	1
6	2	1	2359	1	384648	30	0	1
6	2	1	2360	1	377880	30	0	1
6	2	1	2361	1	383144	30	0	1
6	2	1	2362	1	403072	30	0	1
6	2	1	2363	1	391228	30	0	1
6	2	1	2364	1	394988	30	0	1
6	2	1	2365	1	378632	30	0	1
6	2	1	2366	1	392732	30	0	1
6	2	1	2367	1	394236	30	0	1
6	2	1	2368	1	388408	30	0	1
6	2	1	2370	1	378444	30	0	1
6	2	1	2371	1	398184	30	0	1
6	2	1	2373	1	391416	30	0	1
6	2	1	2374	1	379196	30	0	1
6	2	1	2375	1	391040	30	0	1
6	2	1	2376	1	415292	30	0	1
6	2	1	2377	1	397432	30	0	1
6	2	1	2379	1	377504	30	0	1
6	2	1	2380	1	401944	30	0	1
6	2	1	2381	1	406080	30	0	1
6	2	1	2382	1	396304	30	0	1
6	2	1	2383	1	380324	30	0	1
6	2	1	2384	1	397808	30	0	1
6	2	1	2385	1	401004	30	0	1
6	2	1	2386	1	398936	30	0	1
6	2	1	2389	1	396492	30	0	1
6	2	1	2390	1	385400	30	0	1
6	2	1	2391	1	391792	30	0	1
6	2	1	2392	1	368104	30	0	1
6	2	1	2393	1	396116	30	0	1
6	2	1	2394	1	393484	30	0	1
6	2	1	2395	1	401944	30	0	1
6	2	1	2397	1	377692	30	0	1
6	2	1	2398	1	397808	30	0	1
6	2	1	2399	1	398184	30	0	1
6	2	1	2400	1	397244	30	0	1
6	2	1	2401	1	381264	30	0	1
6	2	1	2402	1	387280	30	0	1
6	2	1	2403	1	406268	30	0	1
6	2	1	2404	1	401568	30	0	1
6	2	1	2405	1	391604	30	0	1
6	2	1	2406	1	380136	30	0	1
6	2	1	2407	1	392544	30	0	1
6	2	1	2408	1	396680	30	0	1
6	2	1	2409	1	392168	30	0	1
6	2	1	2410	1	388784	30	0	1
6	2	1	2412	1	407020	30	0	1
6	2	1	2413	1	403448	30	0	1
6	2	1	2414	1	396492	30	0	1
6	2	1	2415	1	369232	30	0	1
6	2	1	2416	1	393860	30	0	1
6	2	1	2417	1	393484	30	0	1
6	2	1	2418	1	394236	30	0	1
6	2	1	2419	1	389724	30	0	1
6	2	1	2420	1	374872	30	0	1
6	2	1	2421	1	390100	30	0	1
6	2	1	2422	1	393296	30	0	1
6	2	1	2423	1	382580	30	0	1
6	2	1	2424	1	375248	30	0	1
6	2	1	2425	1	400628	30	0	1
6	2	1	2426	1	410968	30	0	1
6	2	1	2427	1	395364	30	0	1
6	2	1	2428	1	385964	30	0	1
6	2	1	2430	1	392732	30	0	1
6	2	1	2431	1	401004	30	0	1
6	2	1	2432	1	397244	30	0	1
6	2	1	2434	1	385400	30	0	1
6	2	1	2435	1	405328	30	0	1
6	2	1	2436	1	396116	30	0	1
6	2	1	2437	1	396680	30	0	1
6	2	1	2438	1	377316	30	0	1
6	2	1	2439	1	400816	30	0	1
6	2	1	2440	1	394988	30	0	1
6	2	1	2441	1	398372	30	0	1
6	2	1	2442	1	380136	30	0	1
6	2	1	2443	1	385400	30	0	1
6	2	1	2444	1	396116	30	0	1
6	2	1	2445	1	400252	30	0	1
6	2	1	2446	1	395552	30	0	1
6	2	1	2447	1	383144	30	0	1
6	2	1	2448	1	388596	30	0	1
6	2	1	2449	1	400252	30	0	1
6	2	1	2451	1	389912	30	0	1
6	2	1	2452	1	373368	30	0	1
6	2	1	2453	1	394236	30	0	1
6	2	1	2454	1	395552	30	0	1
6	2	1	2455	1	404388	30	0	1
6	2	1	2456	1	393860	30	0	1
6	2	1	2457	1	387844	30	0	1
6	2	1	2458	1	407208	30	0	1
6	2	1	2460	1	391040	30	0	1
6	2	1	2461	1	384648	30	0	1
6	2	1	2462	1	399312	30	0	1
6	2	1	2463	1	402696	30	0	1
6	2	1	2464	1	397620	30	0	1
6	2	1	2465	1	387656	30	0	1
6	2	1	2467	1	397808	30	0	1
6	2	1	2468	1	402320	30	0	1
6	2	1	2469	1	396304	30	0	1
6	2	1	2470	1	379196	30	0	1
6	2	1	2471	1	392168	30	0	1
6	2	1	2472	1	398748	30	0	1
6	2	1	2474	1	386904	30	0	1
6	2	1	2475	1	382204	30	0	1
6	2	1	2476	1	396492	30	0	1
6	2	1	2477	1	408900	30	0	1
6	2	1	2478	1	392544	30	0	1
6	2	1	2479	1	385776	30	0	1
6	2	1	2480	1	392920	30	0	1
6	2	1	2481	1	402508	30	0	1
6	2	1	2482	1	390476	30	0	1
6	2	1	2483	1	398936	30	0	1
6	2	1	2484	1	381076	30	0	1
6	2	1	2485	1	399876	30	0	1
6	2	1	2487	1	391228	30	0	1
6	2	1	2488	1	385588	30	0	1
6	2	1	2489	1	387656	30	0	1
6	2	1	2490	1	403824	30	0	1
6	2	1	2491	1	393108	30	0	1
6	2	1	2492	1	391228	30	0	1
6	2	1	2493	1	382392	30	0	1
6	2	1	2494	1	399688	30	0	1
6	2	1	2495	1	400440	30	0	1
6	2	1	2496	1	395364	30	0	1
6	2	1	2497	1	379948	30	0	1
6	2	1	2498	1	384836	30	0	1
6	2	1	2499	1	393672	30	0	1
6	2	1	2500	1	398184	30	0	1
6	2	1	2501	1	394988	30	0	1
6	2	1	2502	1	378444	30	0	1
6	2	1	2503	1	393860	30	0	1
6	2	1	2504	1	404200	30	0	1
6	2	1	2505	1	406080	30	0	1
6	2	1	2506	1	389160	30	0	1
6	2	1	2507	1	389536	30	0	1
6	2	1	2508	1	403824	30	0	1
6	2	1	2510	1	390288	30	0	1
6	2	1	2511	1	381828	30	0	1
6	2	1	2512	1	387280	30	0	1
6	2	1	2513	1	389536	30	0	1
6	2	1	2514	1	390664	30	0	1
6	2	1	2516	1	375812	30	0	1
6	2	1	2517	1	401568	30	0	1
6	2	1	2518	1	402884	30	0	1
6	2	1	2520	1	389348	30	0	1
6	2	1	2521	1	386152	30	0	1
6	2	1	2522	1	391604	30	0	1
6	2	1	2524	1	393296	30	0	1
6	2	1	2525	1	372240	30	0	1
6	2	1	2526	1	402696	30	0	1
6	2	1	2527	1	404576	30	0	1
6	2	1	2528	1	395928	30	0	1
6	2	1	2529	1	399500	30	0	1
6	2	1	2530	1	372992	30	0	1
6	2	1	2531	1	398184	30	0	1
6	2	1	2533	1	391228	30	0	1
6	2	1	2534	1	392168	30	0	1
6	2	1	2535	1	384648	30	0	1
6	2	1	2537	1	394988	30	0	1
6	2	1	2539	1	381828	30	0	1
6	2	1	2540	1	390852	30	0	1
6	2	1	2541	1	404012	30	0	1
6	2	1	2543	1	390288	30	0	1
6	2	1	2545	1	395364	30	0	1
6	2	1	2546	1	410592	30	0	1
6	2	1	2547	1	394988	30	0	1
6	2	1	2549	1	394048	30	0	1
6	2	1	2551	1	400628	30	0	1
6	2	1	2555	1	402508	30	0	1
6	2	1	2556	1	392356	30	0	1
6	2	1	2557	1	389724	30	0	1
6	2	1	2558	1	379008	30	0	1
6	2	1	2559	1	402696	30	0	1
6	2	1	2560	1	402132	30	0	1
6	2	1	2561	1	380888	30	0	1
6	2	1	2562	1	381076	30	0	1
6	2	1	2563	1	387844	30	0	1
6	2	1	2565	1	393296	30	0	1
6	2	1	2567	1	376940	30	0	1
6	2	1	2568	1	394236	30	0	1
6	2	1	2569	1	404952	30	0	1
6	2	1	2571	1	378444	30	0	1
6	2	1	2573	1	400064	30	0	1
6	2	1	2575	1	391792	30	0	1
6	2	1	2577	1	393672	30	0	1
6	2	1	2578	1	403824	30	0	1
6	2	1	2579	1	392920	30	0	1
6	2	1	2581	1	392544	30	0	1
6	2	1	2583	1	400064	30	0	1
6	2	1	2584	1	403260	30	0	1
6	2	1	2585	1	383332	30	0	1
6	2	1	2586	1	389724	30	0	1
6	2	1	2588	1	390664	30	0	1
6	2	1	2590	1	372616	30	0	1
6	2	1	2591	1	388972	30	0	1
6	2	1	2593	1	389912	30	0	1
6	2	1	2595	1	388972	30	0	1
6	2	1	2597	1	392168	30	0	1
6	2	1	2599	1	380324	30	0	1
6	2	1	2600	1	391040	30	0	1
6	2	1	2601	1	403260	30	0	1
6	2	1	2602	1	392732	30	0	1
6	2	1	2603	1	393108	30	0	1
6	2	1	2604	1	384460	30	0	1
6	2	1	2605	1	397432	30	0	1
6	2	1	2606	1	398748	30	0	1
6	2	1	2608	1	385964	30	0	1
6	2	1	2610	1	396304	30	0	1
6	2	1	2611	1	394236	30	0	1
6	2	1	2612	1	395364	30	0	1
6	2	1	2613	1	367352	30	0	1
6	2	1	2614	1	393484	30	0	1
6	2	1	2616	1	397432	30	0	1
6	2	1	2617	1	379196	30	0	1
6	2	1	2619	1	406456	30	0	1
6	2	1	2620	1	399312	30	0	1
6	2	1	2621	1	390476	30	0	1
6	2	1	2623	1	405140	30	0	1
6	2	1	2625	1	388408	30	0	1
6	2	1	2627	1	398748	30	0	1
6	2	1	2628	1	404200	30	0	1
6	2	1	2629	1	392168	30	0	1
6	2	1	2631	1	385588	30	0	1
6	2	1	2633	1	407020	30	0	1
6	2	1	2635	1	371300	30	0	1
6	2	1	2637	1	400440	30	0	1
6	2	1	2639	1	385588	30	0	1
6	2	1	2641	1	392732	30	0	1
6	2	1	2643	1	387280	30	0	1
6	2	1	2644	1	383896	30	0	1
6	2	1	2646	1	414540	30	0	1
6	2	1	2647	1	382392	30	0	1
6	2	1	2648	1	385024	30	0	1
6	2	1	2650	1	409464	30	0	1
6	2	1	2651	1	414540	30	0	1
6	2	1	2652	1	398748	30	0	1
6	2	1	2653	1	388408	30	0	1
6	2	1	2654	1	391604	30	0	1
6	2	1	2655	1	413788	30	0	1
6	2	1	2656	1	398560	30	0	1
6	2	1	2657	1	400628	30	0	1
6	2	1	2658	1	378444	30	0	1
6	2	1	2659	1	393484	30	0	1
6	2	1	2660	1	394048	30	0	1
6	2	1	2662	1	384084	30	0	1
6	2	1	2663	1	384648	30	0	1
6	2	1	2664	1	395740	30	0	1
6	2	1	2665	1	401756	30	0	1
6	2	1	2667	1	380136	30	0	1
6	2	1	2668	1	388784	30	0	1
6	2	1	2670	1	392920	30	0	1
6	2	1	2672	1	370548	30	0	1
6	2	1	2673	1	393860	30	0	1
6	2	1	2675	1	400816	30	0	1
6	2	1	2677	1	390852	30	0	1
6	2	1	2678	1	405140	30	0	1
6	2	1	2679	1	403448	30	0	1
6	2	1	2680	1	391416	30	0	1
6	2	1	2681	1	376752	30	0	1
6	2	1	2682	1	394236	30	0	1
6	2	1	2683	1	412848	30	0	1
6	2	1	2684	1	393296	30	0	1
6	2	1	2685	1	385588	30	0	1
6	2	1	2686	1	382768	30	0	1
6	2	1	2687	1	404388	30	0	1
6	2	1	2688	1	400440	30	0	1
6	2	1	2689	1	389160	30	0	1
6	2	1	2691	1	405516	30	0	1
6	2	1	2692	1	391604	30	0	1
6	2	1	2693	1	391040	30	0	1
6	2	1	2695	1	383520	30	0	1
6	2	1	2697	1	406080	30	0	1
6	2	1	2699	1	376376	30	0	1
6	2	1	2701	1	401380	30	0	1
6	2	1	2703	1	395740	30	0	1
6	2	1	2704	1	385024	30	0	1
6	2	1	2705	1	399312	30	0	1
6	2	1	2707	1	394988	30	0	1
6	2	1	2708	1	378068	30	0	1
6	2	1	2710	1	393108	30	0	1
6	2	1	2712	1	387844	30	0	1
6	2	1	2713	1	381452	30	0	1
6	2	1	2714	1	389912	30	0	1
6	2	1	2715	1	394048	30	0	1
6	2	1	2716	1	389724	30	0	1
6	2	1	2717	1	380136	30	0	1
6	2	1	2718	1	398372	30	0	1
6	2	1	2719	1	400440	30	0	1
6	2	1	2720	1	394800	30	0	1
6	2	1	2722	1	366788	30	0	1
6	2	1	2723	1	403072	30	0	1
6	2	1	2725	1	397056	30	0	1
6	2	1	2726	1	389348	30	0	1
6	2	1	2729	1	407772	30	0	1
6	2	1	2730	1	389724	30	0	1
6	2	1	2731	1	381452	30	0	1
6	2	1	2732	1	388220	30	0	1
6	2	1	2734	1	391604	30	0	1
6	2	1	2735	1	383708	30	0	1
6	2	1	2736	1	376000	30	0	1
6	2	1	2737	1	399688	30	0	1
6	2	1	2738	1	395364	30	0	1
6	2	1	2739	1	392732	30	0	1
6	2	1	2740	1	380700	30	0	1
6	2	1	2741	1	379384	30	0	1
6	2	1	2743	1	392732	30	0	1
6	2	1	2745	1	378444	30	0	1
6	2	1	2747	1	408712	30	0	1
6	2	1	2748	1	395552	30	0	1
6	2	1	2749	1	396868	30	0	1
6	2	1	2750	1	381264	30	0	1
6	2	1	2751	1	404388	30	0	1
6	2	1	2752	1	394988	30	0	1
6	2	1	2753	1	399500	30	0	1
6	2	1	2754	1	386340	30	0	1
6	2	1	2755	1	399688	30	0	1
6	2	1	2756	1	390100	30	0	1
6	2	1	2757	1	389912	30	0	1
6	2	1	2758	1	400816	30	0	1
6	2	1	2759	1	382956	30	0	1
6	2	1	2760	1	404764	30	0	1
6	2	1	2762	1	394800	30	0	1
6	2	1	2764	1	395364	30	0	1
6	2	1	2765	1	402320	30	0	1
6	2	1	2766	1	396116	30	0	1
6	2	1	2767	1	398372	30	0	1
6	2	1	2769	1	397244	30	0	1
6	2	1	2771	1	385212	30	0	1
6	2	1	2772	1	386904	30	0	1
6	2	1	2774	1	403260	30	0	1
6	2	1	2775	1	396492	30	0	1
6	2	1	2776	1	394048	30	0	1
6	2	1	2777	1	378256	30	0	1
6	2	1	2778	1	398560	30	0	1
6	2	1	2779	1	410780	30	0	1
6	2	1	2781	1	387844	30	0	1
6	2	1	2783	1	400440	30	0	1
6	2	1	2784	1	396304	30	0	1
6	2	1	2786	1	387844	30	0	1
6	2	1	2788	1	403072	30	0	1
6	2	1	2789	1	390100	30	0	1
6	2	1	2790	1	384460	30	0	1
6	2	1	2791	1	380512	30	0	1
6	2	1	2792	1	397808	30	0	1
6	2	1	2793	1	397056	30	0	1
6	2	1	2794	1	400064	30	0	1
6	2	1	2795	1	388032	30	0	1
6	2	1	2796	1	389160	30	0	1
6	2	1	2797	1.033	407208	30	0	1
6	2	1	2798	1	394424	30	0	1
6	2	1	2799	1	396116	30	0	1
6	2	1	2800	1	381452	30	0	1
6	2	1	2801	1	405140	30	0	1
6	2	1	2802	1	395364	30	0	1
6	2	1	2803	1	404764	30	0	1
6	2	1	2804	1	382016	30	0	1
6	2	1	2805	1	386904	30	0	1
6	2	1	2806	1	398560	30	0	1
6	2	1	2807	1	398936	30	0	1
6	2	1	2808	1	388220	30	0	1
6	2	1	2809	1	376940	30	0	1
6	2	1	2810	1	396868	30	0	1
6	2	1	2811	1	396492	30	0	1
6	2	1	2812	1	398372	30	0	1
6	2	1	2814	1	379572	30	0	1
6	2	1	2815	1	396304	30	0	1
6	2	1	2816	1	415668	30	0	1
6	2	1	2817	1	391228	30	0	1
6	2	1	2818	1	368104	30	0	1
6	2	1	2820	1	401568	30	0	1
6	2	1	2821	1	401192	30	0	1
6	2	1	2822	1	394236	30	0	1
6	2	1	2823	1	384084	30	0	1
6	2	1	2825	1	395740	30	0	1
6	2	1	2827	1	380136	30	0	1
6	2	1	2828	1	397620	30	0	1
6	2	1	2829	1	399876	30	0	1
6	2	1	2830	1	403636	30	0	1
6	2	1	2831	1	390852	30	0	1
6	2	1	2832	1	384272	30	0	1
6	2	1	2833	1	392544	30	0	1
6	2	1	2834	1	397244	30	0	1
7	3	1	2839	1	429016	30	0	1
7	3	1	2841	1	449884	30	0	1
7	3	1	2844	1	447628	30	0	1
7	3	1	2845	1	439356	30	0	1
7	3	1	2846	1	426008	30	0	1
7	3	1	2847	1	447628	30	0	1
7	3	1	2848	1	446124	30	0	1
7	3	1	2849	1	415856	30	0	1
7	3	1	2851	1	446688	30	0	1
7	3	1	2853	1	427512	30	0	1
7	3	1	2854	1	445184	30	0	1
7	3	1	2855	1	438416	30	0	1
7	3	1	2857	1	445748	30	0	1
7	3	1	2859	1	421120	30	0	1
7	3	1	2860	1	444056	30	0	1
7	3	1	2861	1	438416	30	0	1
7	3	1	2862	1	416232	30	0	1
7	3	1	2863	1	440296	30	0	1
7	3	1	2864	1	441424	30	0	1
7	3	1	2865	1	438792	30	0	1
7	3	1	2866	1	434468	30	0	1
7	3	1	2867	1	449884	30	0	1
7	3	1	2869	1	427888	30	0	1
7	3	1	2870	1	444244	30	0	1
7	3	1	2871	1	429768	30	0	1
7	3	1	2872	1	425068	30	0	1
7	3	1	2873	1	438228	30	0	1
7	3	1	2874	1	439732	30	0	1
7	3	1	2875	1	426572	30	0	1
7	3	1	2876	1	441424	30	0	1
7	3	1	2877	1	444808	30	0	1
7	3	1	2878	1	432212	30	0	1
7	3	1	2879	1	434844	30	0	1
7	3	1	2880	1	447252	30	0	1
7	3	1	2881	1	431836	30	0	1
7	3	1	2882	1	419992	30	0	1
7	3	1	2883	1	446124	30	0	1
7	3	1	2884	1	426572	30	0	1
7	3	1	2885	1	422812	30	0	1
7	3	1	2886	1	447064	30	0	1
7	3	1	2887	1	438416	30	0	1
7	3	1	2888	1	422060	30	0	1
7	3	1	2889	1	444056	30	0	1
7	3	1	2890	1	446500	30	0	1
7	3	1	2891	1	423376	30	0	1
7	3	1	2892	1	442552	30	0	1
7	3	1	2893	1	463608	30	0	1
7	3	1	2895	1	440860	30	0	1
7	3	1	2896	1	442364	30	0	1
7	3	1	2897	1	435220	30	0	1
7	3	1	2898	1	429768	30	0	1
7	3	1	2899	1	447628	30	0	1
7	3	1	2900	1	446688	30	0	1
7	3	1	2901	1	416984	30	0	1
7	3	1	2902	1	456464	30	0	1
7	3	1	2903	1	437100	30	0	1
7	3	1	2904	1	423940	30	0	1
7	3	1	2905	1	439732	30	0	1
7	3	1	2906	1	448004	30	0	1
7	3	1	2907	1	432400	30	0	1
7	3	1	2908	1	439544	30	0	1
7	3	1	2909	1	449132	30	0	1
7	3	1	2911	1	435032	30	0	1
7	3	1	2913	1	431648	30	0	1
7	3	1	2914	1	441800	30	0	1
7	3	1	2915	1	442176	30	0	1
7	3	1	2916	1	443492	30	0	1
7	3	1	2917	1	430332	30	0	1
7	3	1	2918	1	444056	30	0	1
7	3	1	2920	1	427136	30	0	1
7	3	1	2921	1	435408	30	0	1
7	3	1	2922	1	438228	30	0	1
7	3	1	2923	1	423376	30	0	1
7	3	1	2924	1	441988	30	0	1
7	3	1	2925	1	439732	30	0	1
7	3	1	2926	1	429392	30	0	1
7	3	1	2927	1	447252	30	0	1
7	3	1	2929	1	441048	30	0	1
7	3	1	2930	1	439920	30	0	1
7	3	1	2931	1	451764	30	0	1
7	3	1	2932	1	429392	30	0	1
7	3	1	2933	1	420556	30	0	1
7	3	1	2934	1	456840	30	0	1
7	3	1	2935	1	437852	30	0	1
7	3	1	2936	1	428640	30	0	1
7	3	1	2937	1	448192	30	0	1
7	3	1	2938	1	445748	30	0	1
7	3	1	2939	1	421496	30	0	1
7	3	1	2940	1	444244	30	0	1
7	3	1	2941	1	443492	30	0	1
7	3	1	2942	1	431836	30	0	1
7	3	1	2943	1	438040	30	0	1
7	3	1	2944	1	443868	30	0	1
7	3	1	2945	1	421684	30	0	1
7	3	1	2947	1	441988	30	0	1
7	3	1	2949	1	426948	30	0	1
7	3	1	2950	1	457216	30	0	1
7	3	1	2951	1	426008	30	0	1
7	3	1	2952	1	432024	30	0	1
7	3	1	2953	1	432964	30	0	1
7	3	1	2954	1	448568	30	0	1
7	3	1	2955	1	419804	30	0	1
7	3	1	2956	1	453456	30	0	1
7	3	1	2957	1	444244	30	0	1
7	3	1	2958	1	423940	30	0	1
7	3	1	2959	1	446876	30	0	1
7	3	1	2960	1	440860	30	0	1
7	3	1	2961	1	425068	30	0	1
7	3	1	2962	1	442364	30	0	1
7	3	1	2964	1	438228	30	0	1
7	3	1	2965	1	447252	30	0	1
7	3	1	2966	1	445936	30	0	1
7	3	1	2967	1	428076	30	0	1
7	3	1	2968	1	442928	30	0	1
7	3	1	2969	1	445184	30	0	1
7	3	1	2970	1	426196	30	0	1
7	3	1	2971	1	430332	30	0	1
7	3	1	2972	1	458156	30	0	1
7	3	1	2973	1	431460	30	0	1
7	3	1	2974	1	426008	30	0	1
7	3	1	2976	1	442740	30	0	1
7	3	1	2977	1	433716	30	0	1
7	3	1	2978	1	453080	30	0	1
7	3	1	2979	1	445936	30	0	1
7	3	1	2980	1	427136	30	0	1
7	3	1	2982	1	435596	30	0	1
7	3	1	2983	1	416984	30	0	1
7	3	1	2984	1	448756	30	0	1
7	3	1	2985	1	445372	30	0	1
7	3	1	2987	1	435972	30	0	1
7	3	1	2988	1	453080	30	0	1
7	3	1	2989	1	416984	30	0	1
7	3	1	2990	1	442176	30	0	1
7	3	1	2992	1	429580	30	0	1
7	3	1	2995	1	436724	30	0	1
7	3	1	2996	1	437476	30	0	1
7	3	1	2997	1	448004	30	0	1
7	3	1	2998	1	437476	30	0	1
7	3	1	2999	1	429204	30	0	1
7	3	1	3001	1	423752	30	0	1
7	3	1	3002	1	425256	30	0	1
7	3	1	3003	1	444996	30	0	1
7	3	1	3004	1	437100	30	0	1
7	3	1	3005	1	430144	30	0	1
7	3	1	3006	1	443492	30	0	1
7	3	1	3007	1	455148	30	0	1
7	3	1	3008	1	423564	30	0	1
7	3	1	3010	1	452328	30	0	1
7	3	1	3011	1	431084	30	0	1
7	3	1	3012	1	436160	30	0	1
7	3	1	3015	1	452140	30	0	1
7	3	1	3016	1	439356	30	0	1
7	3	1	3017	1	424692	30	0	1
7	3	1	3018	1	438040	30	0	1
7	3	1	3019	1	451764	30	0	1
7	3	1	3020	1	436536	30	0	1
7	3	1	3021	1	426196	30	0	1
7	3	1	3022	1	439168	30	0	1
7	3	1	3023	1	442928	30	0	1
7	3	1	3024	1	443492	30	0	1
7	3	1	3025	1	455712	30	0	1
7	3	1	3026	1	438980	30	0	1
7	3	1	3027	1	426760	30	0	1
7	3	1	3029	1	427888	30	0	1
7	3	1	3030	1	421308	30	0	1
7	3	1	3031	1	438604	30	0	1
7	3	1	3032	1	449320	30	0	1
7	3	1	3033	1	433904	30	0	1
7	3	1	3034	1	430332	30	0	1
7	3	1	3035	1	444620	30	0	1
7	3	1	3036	1	428076	30	0	1
7	3	1	3037	1	423000	30	0	1
7	3	1	3038	1	444996	30	0	1
7	3	1	3040	1	425632	30	0	1
7	3	1	3041	1	444244	30	0	1
7	3	1	3042	1	438228	30	0	1
7	3	1	3043	1	423752	30	0	1
7	3	1	3044	1	440672	30	0	1
7	3	1	3045	1	451952	30	0	1
7	3	1	3046	1	420368	30	0	1
7	3	1	3047	1	441048	30	0	1
7	3	1	3048	1	448004	30	0	1
7	3	1	3049	1	438416	30	0	1
7	3	1	3050	1	432964	30	0	1
7	3	1	3052	1	444808	30	0	1
7	3	1	3053	1	418676	30	0	1
7	3	1	3054	1	453268	30	0	1
7	3	1	3055	1	435596	30	0	1
7	3	1	3056	1	419804	30	0	1
7	3	1	3058	1	443868	30	0	1
7	3	1	3059	1	419428	30	0	1
7	3	1	3060	1	434656	30	0	1
7	3	1	3061	1	445184	30	0	1
7	3	1	3062	1	439168	30	0	1
7	3	1	3063	1	429956	30	0	1
7	3	1	3064	1	452516	30	0	1
7	3	1	3065	1	434656	30	0	1
7	3	1	3066	1	441236	30	0	1
7	3	1	3067	1	440860	30	0	1
7	3	1	3068	1	439544	30	0	1
7	3	1	3069	1	423376	30	0	1
7	3	1	3070	1	433716	30	0	1
7	3	1	3071	1	422436	30	0	1
7	3	1	3072	1	404764	30	0	1
7	3	1	3075	1	392732	30	0	1
7	3	1	3076	1	360020	30	0	1
7	3	1	3077	1.1	400064	30	0	1
7	3	1	3078	1.033	372616	30	0	1
7	3	1	3079	1	333136	30	0	1
7	3	1	3080	1.033	351560	30	0	1
7	3	1	3081	1.133	340656	30	0	1
7	3	1	3082	1.033	333324	30	0	1
7	3	1	3083	1.033	383520	30	0	1
7	3	1	3084	0.999	380136	30	0	1
7	3	1	3085	0.999	382768	30	0	1
7	3	1	3086	1.066	360208	30	0	1
7	3	1	3087	1.033	384084	30	0	1
7	3	1	3088	0.999	438604	30	0	1
7	3	1	3089	0.999	381264	30	0	1
7	3	1	3090	0.999	402508	30	0	1
7	3	1	3091	0.999	429580	30	0	1
7	3	1	3092	0.999	434468	30	0	1
7	3	1	3093	0.999	426760	30	0	1
7	3	1	3094	0.999	447816	30	0	1
7	3	1	3095	0.999	458532	30	0	1
7	3	1	3096	0.999	438416	30	0	1
7	3	1	3097	0.999	444996	30	0	1
7	3	1	3098	0.999	451200	30	0	1
7	3	1	3100	0.999	424128	30	0	1
7	3	1	3102	0.999	450824	30	0	1
7	3	1	3104	0.999	450824	30	0	1
7	3	1	3105	0.999	451388	30	0	1
7	3	1	3106	0.999	444432	30	0	1
7	3	1	3107	0.999	437852	30	0	1
7	3	1	3109	0.999	435032	30	0	1
7	3	1	3110	0.999	437288	30	0	1
7	3	1	3111	0.999	448192	30	0	1
7	3	1	3112	0.999	437664	30	0	1
7	3	1	3113	0.999	437288	30	0	1
7	3	1	3114	0.999	463232	30	0	1
7	3	1	3115	0.999	440672	30	0	1
7	3	1	3116	0.999	429016	30	0	1
7	3	1	3117	0.999	450636	30	0	1
7	3	1	3118	0.999	451012	30	0	1
7	3	1	3119	0.999	428076	30	0	1
7	3	1	3120	0.999	452704	30	0	1
7	3	1	3121	0.999	459848	30	0	1
7	3	1	3122	0.999	422060	30	0	1
7	3	1	3123	0.999	448004	30	0	1
7	3	1	3124	0.999	435408	30	0	1
7	3	1	3126	0.999	447252	30	0	1
7	3	1	3127	0.999	443868	30	0	1
7	3	1	3128	0.999	426196	30	0	1
7	3	1	3129	0.999	445560	30	0	1
7	3	1	3130	0.999	445560	30	0	1
7	3	1	3131	0.999	432400	30	0	1
7	3	1	3132	0.999	426384	30	0	1
7	3	1	3133	0.999	453080	30	0	1
7	3	1	3134	0.999	424692	30	0	1
7	3	1	3137	0.999	437288	30	0	1
7	3	1	3138	0.999	429768	30	0	1
7	3	1	3139	0.999	450260	30	0	1
7	3	1	3140	0.999	434092	30	0	1
7	3	1	3142	0.999	437100	30	0	1
7	3	1	3143	0.999	455524	30	0	1
7	3	1	3144	0.999	428076	30	0	1
7	3	1	3145	0.999	443868	30	0	1
7	3	1	3146	0.999	449132	30	0	1
7	3	1	3147	0.999	436160	30	0	1
7	3	1	3149	0.999	434468	30	0	1
7	3	1	3150	0.999	430708	30	0	1
7	3	1	3151	0.999	441800	30	0	1
7	3	1	3152	0.999	456276	30	0	1
7	3	1	3153	0.999	441612	30	0	1
7	3	1	3154	0.999	431272	30	0	1
7	3	1	3155	0.999	450824	30	0	1
7	3	1	3156	0.999	438792	30	0	1
7	3	1	3157	0.999	436348	30	0	1
7	3	1	3158	0.999	441048	30	0	1
7	3	1	3159	0.999	437664	30	0	1
7	3	1	3160	0.999	418676	30	0	1
7	3	1	3161	0.999	439732	30	0	1
7	3	1	3162	0.999	438416	30	0	1
7	3	1	3163	0.999	419428	30	0	1
7	3	1	3165	0.999	434092	30	0	1
7	3	1	3167	0.999	445748	30	0	1
7	3	1	3168	0.999	442740	30	0	1
7	3	1	3170	0.999	437100	30	0	1
7	3	1	3171	0.999	454020	30	0	1
7	3	1	3173	0.999	434656	30	0	1
7	3	1	3174	0.999	453456	30	0	1
7	3	1	3175	0.999	435784	30	0	1
7	3	1	3177	0.999	450448	30	0	1
7	3	1	3179	0.999	416232	30	0	1
7	3	1	3181	0.999	432400	30	0	1
7	3	1	3182	0.999	432964	30	0	1
7	3	1	3183	0.999	455336	30	0	1
7	3	1	3185	0.999	423188	30	0	1
7	3	1	3186	0.999	453832	30	0	1
7	3	1	3188	0.999	429956	30	0	1
7	3	1	3189	0.999	433904	30	0	1
7	3	1	3191	0.999	427324	30	0	1
7	3	1	3193	0.999	441988	30	0	1
7	3	1	3194	0.999	439168	30	0	1
7	3	1	3195	0.999	421872	30	0	1
7	3	1	3196	0.999	448756	30	0	1
7	3	1	3198	0.999	422436	30	0	1
7	3	1	3199	0.999	442176	30	0	1
7	3	1	3201	0.999	418676	30	0	1
7	3	1	3203	0.999	441424	30	0	1
7	3	1	3204	0.999	432024	30	0	1
7	3	1	3205	0.999	444244	30	0	1
7	3	1	3206	0.999	458720	30	0	1
7	3	1	3207	0.999	434092	30	0	1
7	3	1	3208	0.999	433340	30	0	1
7	3	1	3209	0.999	455712	30	0	1
7	3	1	3210	0.999	432024	30	0	1
7	3	1	3212	0.999	450636	30	0	1
7	3	1	3213	0.999	436160	30	0	1
7	3	1	3214	0.999	424504	30	0	1
7	3	1	3215	0.999	436160	30	0	1
7	3	1	3216	0.999	449508	30	0	1
7	3	1	3217	0.999	426572	30	0	1
7	3	1	3219	0.999	444056	30	0	1
7	3	1	3221	0.999	436536	30	0	1
7	3	1	3222	0.999	451388	30	0	1
7	3	1	3224	0.999	435972	30	0	1
7	3	1	3226	0.999	438980	30	0	1
7	3	1	3227	0.999	422060	30	0	1
7	3	1	3228	0.999	457028	30	0	1
7	3	1	3229	0.999	440860	30	0	1
7	3	1	3230	0.999	425444	30	0	1
7	3	1	3231	0.999	437288	30	0	1
7	3	1	3232	0.999	443868	30	0	1
7	3	1	3234	0.999	447252	30	0	1
7	3	1	3236	0.999	433716	30	0	1
7	3	1	3238	0.999	454584	30	0	1
7	3	1	3239	0.999	432776	30	0	1
7	3	1	3241	0.999	452140	30	0	1
7	3	1	3242	0.999	431648	30	0	1
7	3	1	3244	0.999	446124	30	0	1
7	3	1	3246	0.999	428264	30	0	1
7	3	1	3248	0.999	431084	30	0	1
7	3	1	3250	0.999	450072	30	0	1
7	3	1	3252	0.999	413412	30	0	1
7	3	1	3254	0.999	461164	30	0	1
7	3	1	3255	0.999	427888	30	0	1
7	3	1	3257	0.999	454208	30	0	1
7	3	1	3258	0.999	437100	30	0	1
7	3	1	3260	0.999	454584	30	0	1
7	3	1	3261	0.999	432400	30	0	1
7	3	1	3262	0.999	422436	30	0	1
7	3	1	3263	0.999	456464	30	0	1
7	3	1	3265	0.999	423000	30	0	1
7	3	1	3267	0.999	438040	30	0	1
7	3	1	3269	0.999	445560	30	0	1
7	3	1	3270	0.999	437476	30	0	1
7	3	1	3271	0.999	435408	30	0	1
7	3	1	3274	0.999	426196	30	0	1
7	3	1	3276	0.999	449884	30	0	1
7	3	1	3277	0.999	440672	30	0	1
7	3	1	3278	0.999	427700	30	0	1
7	3	1	3280	0.999	432776	30	0	1
7	3	1	3281	0.999	429580	30	0	1
7	3	1	3283	0.999	433340	30	0	1
7	3	1	3284	0.999	426760	30	0	1
7	3	1	3286	0.999	434468	30	0	1
7	3	1	3287	0.999	432588	30	0	1
7	3	1	3288	0.999	449320	30	0	1
7	3	1	3290	0.999	427136	30	0	1
7	3	1	3291	0.999	442364	30	0	1
7	3	1	3293	0.999	422812	30	0	1
7	3	1	3294	0.999	426948	30	0	1
7	3	1	3295	0.999	446876	30	0	1
7	3	1	3296	0.999	433716	30	0	1
7	3	1	3299	0.999	437476	30	0	1
7	3	1	3300	0.999	424128	30	0	1
7	3	1	3301	0.999	453832	30	0	1
7	3	1	3302	0.999	440296	30	0	1
7	3	1	3304	0.999	448004	30	0	1
7	3	1	3305	0.999	441048	30	0	1
7	3	1	3308	0.999	436724	30	0	1
7	3	1	3310	0.999	428828	30	0	1
7	3	1	3312	0.999	433152	30	0	1
7	3	1	3313	0.999	432212	30	0	1
7	3	1	3314	0.999	446124	30	0	1
7	3	1	3315	0.999	450824	30	0	1
7	3	1	3317	0.999	447440	30	0	1
7	3	1	3319	0.999	422436	30	0	1
8	3	2	3323	2	803700	60	0	1
8	3	2	3324	2	830960	60	0	1
8	3	2	3325	2	787720	60	0	1
8	3	2	3326	2	826448	60	0	1
8	3	2	3357	1.999	843556	60	0	1
8	3	2	3358	1.999	819868	60	0	1
8	3	2	3359	1.999	839044	60	0	1
8	3	2	3361	1.999	831900	60	0	1
8	3	2	3362	1.999	800504	60	0	1
8	3	2	3363	1.999	828328	60	0	1
8	3	2	3365	1.999	837916	60	0	1
8	3	2	3366	1.999	823440	60	0	1
8	3	2	3367	1.999	821560	60	0	1
8	3	2	3368	1.999	805204	60	0	1
8	3	2	3369	1.999	794676	60	0	1
8	3	2	3370	1.999	818364	60	0	1
8	3	2	3371	1.999	818552	60	0	1
8	3	2	3372	1.999	836036	60	0	1
8	3	2	3373	1.999	806708	60	0	1
8	3	2	3375	1.999	819680	60	0	1
8	3	2	3376	1.999	842052	60	0	1
8	3	2	3377	1.999	815168	60	0	1
8	3	2	3378	1.999	844496	60	0	1
8	3	2	3379	1.999	792044	60	0	1
8	3	2	3380	1.999	810280	60	0	1
8	3	2	3381	1.999	824192	60	0	1
8	3	2	3382	1.999	801632	60	0	1
8	3	2	3383	1.999	810092	60	0	1
8	3	2	3384	1.999	803888	60	0	1
8	3	2	3385	1.999	835660	60	0	1
8	3	2	3386	1.999	799000	60	0	1
8	3	2	3388	1.999	814228	60	0	1
8	3	2	3390	1.999	806708	60	0	1
8	3	2	3391	1.999	807272	60	0	1
8	3	2	3392	1.999	794676	60	0	1
8	3	2	3393	1.999	820056	60	0	1
8	3	2	3394	1.999	808024	60	0	1
8	3	2	3395	1.999	845060	60	0	1
8	3	2	3396	1.999	827200	60	0	1
8	3	2	3397	1.999	824944	60	0	1
8	3	2	3398	1.999	836224	60	0	1
8	3	2	3399	1.999	808212	60	0	1
8	3	2	3400	1.999	843368	60	0	1
8	3	2	3401	1.999	804828	60	0	1
8	3	2	3402	1.999	836412	60	0	1
8	3	2	3403	1.999	806144	60	0	1
8	3	2	3404	1.999	837352	60	0	1
8	3	2	3405	1.999	810092	60	0	1
8	3	2	3406	1.999	839984	60	0	1
8	3	2	3407	1.999	809716	60	0	1
8	3	2	3408	1.999	840172	60	0	1
8	3	2	3409	1.999	809528	60	0	1
8	3	2	3410	1.999	825696	60	0	1
8	3	2	3411	1.999	818740	60	0	1
8	3	2	3412	1.999	810468	60	0	1
8	3	2	3413	1.999	817236	60	0	1
8	3	2	3414	1.999	795052	60	0	1
8	3	2	3415	1.999	837728	60	0	1
8	3	2	3416	1.999	819868	60	0	1
8	3	2	3417	1.999	838856	60	0	1
8	3	2	3418	1.999	803324	60	0	1
8	3	2	3419	1.999	812536	60	0	1
8	3	2	3420	1.999	792044	60	0	1
8	3	2	3421	1.999	831524	60	0	1
8	3	2	3422	1.999	803888	60	0	1
8	3	2	3423	1.999	813476	60	0	1
8	3	2	3424	1.999	828140	60	0	1
8	3	2	3425	1.999	826636	60	0	1
8	3	2	3426	1.999	831900	60	0	1
8	3	2	3427	1.999	817988	60	0	1
8	3	2	3428	1.999	841864	60	0	1
8	3	2	3429	1.999	814416	60	0	1
8	3	2	3430	1.999	823816	60	0	1
8	3	2	3431	1.999	796932	60	0	1
8	3	2	3432	1.999	825320	60	0	1
8	3	2	3433	1.999	808024	60	0	1
8	3	2	3434	1.999	836976	60	0	1
8	3	2	3435	1.999	810280	60	0	1
8	3	2	3436	1.999	827576	60	0	1
8	3	2	3437	1.999	813664	60	0	1
8	3	2	3438	1.999	817612	60	0	1
8	3	2	3439	1.999	814604	60	0	1
8	3	2	3440	1.999	824380	60	0	1
8	3	2	3441	1.999	811408	60	0	1
8	3	2	3442	1.999	801820	60	0	1
8	3	2	3443	1.999	836600	60	0	1
8	3	2	3444	1.999	812348	60	0	1
8	3	2	3445	1.999	854648	60	0	1
8	3	2	3446	1.999	816296	60	0	1
8	3	2	3447	1.999	847504	60	0	1
8	3	2	3448	1.999	804828	60	0	1
8	3	2	3449	1.999	830208	60	0	1
8	3	2	3450	1.999	809716	60	0	1
8	3	2	3451	1.999	824568	60	0	1
8	3	2	3452	1.999	813852	60	0	1
8	3	2	3453	1.999	823440	60	0	1
8	3	2	3454	1.999	827200	60	0	1
8	3	2	3455	1.999	825696	60	0	1
8	3	2	3456	1.999	843556	60	0	1
8	3	2	3457	1.999	812348	60	0	1
8	3	2	3458	1.999	839984	60	0	1
8	3	2	3459	1.999	800692	60	0	1
8	3	2	3460	1.999	823252	60	0	1
8	3	2	3461	1.999	797496	60	0	1
8	3	2	3462	1.999	811408	60	0	1
8	3	2	3463	1.999	798812	60	0	1
8	3	2	3464	1.999	810092	60	0	1
8	3	2	3465	1.999	828704	60	0	1
8	3	2	3466	1.999	834156	60	0	1
8	3	2	3467	1.999	832276	60	0	1
8	3	2	3468	1.999	820996	60	0	1
8	3	2	3469	1.999	817424	60	0	1
8	3	2	3470	1.999	809716	60	0	1
8	3	2	3471	1.999	836976	60	0	1
8	3	2	3472	1.999	817424	60	0	1
8	3	2	3473	1.999	832276	60	0	1
8	3	2	3474	1.999	805016	60	0	1
8	3	2	3475	1.999	848820	60	0	1
8	3	2	3476	1.999	814228	60	0	1
8	3	2	3477	1.999	836788	60	0	1
8	3	2	3478	1.999	806896	60	0	1
8	3	2	3479	1.999	826824	60	0	1
8	3	2	3480	1.999	806520	60	0	1
8	3	2	3481	1.999	820244	60	0	1
8	3	2	3482	1.999	811784	60	0	1
8	3	2	3483	1.999	826260	60	0	1
8	3	2	3484	1.999	839420	60	0	1
8	3	2	3485	1.999	812912	60	0	1
8	3	2	3486	1.999	842804	60	0	1
8	3	2	3487	1.999	809904	60	0	1
8	3	2	3488	1.999	837916	60	0	1
8	3	2	3489	1.999	814040	60	0	1
8	3	2	3490	1.999	832652	60	0	1
8	3	2	3491	1.999	808212	60	0	1
8	3	2	3492	1.999	820244	60	0	1
8	3	2	3493	1.999	805580	60	0	1
8	3	2	3494	1.999	802196	60	0	1
8	3	2	3495	1.999	841676	60	0	1
8	3	2	3496	1.999	832276	60	0	1
8	3	2	3497	1.999	846752	60	0	1
8	3	2	3498	1.999	802384	60	0	1
8	3	2	3499	1.999	838480	60	0	1
8	3	2	3500	1.999	783396	60	0	1
8	3	2	3501	1.999	822312	60	0	1
8	3	2	3502	1.999	802760	60	0	1
8	3	2	3503	1.999	841676	60	0	1
8	3	2	3504	1.999	813476	60	0	1
8	3	2	3505	1.999	840548	60	0	1
8	3	2	3506	1.999	813288	60	0	1
8	3	2	3507	1.999	836412	60	0	1
8	3	2	3508	1.999	811784	60	0	1
8	3	2	3509	1.999	805768	60	0	1
8	3	2	3510	1.999	820620	60	0	1
8	3	2	3511	1.999	810656	60	0	1
8	3	2	3512	1.999	831148	60	0	1
8	3	2	3513	1.999	764784	60	0	1
8	3	2	3514	1.999	824944	60	0	1
8	3	2	3515	1.999	813476	60	0	1
8	3	2	3516	1.999	840548	60	0	1
8	3	2	3517	1.999	808212	60	0	1
8	3	2	3518	1.999	817988	60	0	1
8	3	2	3519	1.999	798624	60	0	1
8	3	2	3520	1.999	810468	60	0	1
8	3	2	3521	1.999	804640	60	0	1
8	3	2	3522	1.999	828140	60	0	1
8	3	2	3523	1.999	810280	60	0	1
8	3	2	3524	1.999	819492	60	0	1
8	3	2	3525	1.999	816672	60	0	1
8	3	2	3526	1.999	812536	60	0	1
8	3	2	3527	1.999	825508	60	0	1
8	3	2	3528	1.999	819680	60	0	1
8	3	2	3529	1.999	842992	60	0	1
8	3	2	3530	1.999	806708	60	0	1
8	3	2	3531	1.999	833592	60	0	1
8	3	2	3532	1.999	802948	60	0	1
8	3	2	3533	1.999	827200	60	0	1
8	3	2	3534	1.999	811032	60	0	1
8	3	2	3535	1.999	844684	60	0	1
8	3	2	3536	1.999	805392	60	0	1
8	3	2	3537	1.999	820244	60	0	1
8	3	2	3538	1.999	799000	60	0	1
8	3	2	3539	1.999	826260	60	0	1
8	3	2	3540	1.999	825508	60	0	1
8	3	2	3541	1.999	814980	60	0	1
8	3	2	3542	1.999	829456	60	0	1
8	3	2	3543	1.999	819680	60	0	1
8	3	2	3544	1.999	832464	60	0	1
8	3	2	3545	1.999	822124	60	0	1
8	3	2	3546	1.999	836412	60	0	1
8	3	2	3547	1.999	808964	60	0	1
8	3	2	3548	1.999	817424	60	0	1
8	3	2	3549	1.999	810280	60	0	1
8	3	2	3550	1.999	827952	60	0	1
8	3	2	3551	1.999	803324	60	0	1
8	3	2	3552	1.999	807084	60	0	1
8	3	2	3553	1.999	828516	60	0	1
8	3	2	3554	1.999	824756	60	0	1
8	3	2	3555	1.999	842616	60	0	1
8	3	2	3556	1.999	822124	60	0	1
8	3	2	3557	1.999	837916	60	0	1
8	3	2	3558	1.999	810656	60	0	1
8	3	2	3559	1.999	839044	60	0	1
8	3	2	3560	1.999	805392	60	0	1
8	3	2	3561	1.999	833216	60	0	1
8	3	2	3562	1.999	803888	60	0	1
9	3	0.5	3574	0.499	235752	15	0	1
9	3	0.5	3578	0.499	238008	15	0	1
9	3	0.5	3582	0.499	247972	15	0	1
9	3	0.5	3583	0.499	235188	15	0	1
9	3	0.5	3586	0.499	250980	15	0	1
9	3	0.5	3587	0.499	245904	15	0	1
9	3	0.5	3590	0.499	238572	15	0	1
9	3	0.5	3594	0.499	233496	15	0	1
9	3	0.5	3601	0.499	247220	15	0	1
9	3	0.5	3604	0.499	240640	15	0	1
9	3	0.5	3606	0.499	240452	15	0	1
9	3	0.5	3608	0.499	231804	15	0	1
9	3	0.5	3612	0.499	233308	15	0	1
9	3	0.5	3615	0.499	247220	15	0	1
9	3	0.5	3619	0.499	248912	15	0	1
9	3	0.5	3622	0.499	232556	15	0	1
9	3	0.5	3626	0.499	237444	15	0	1
9	3	0.5	3632	0.499	233308	15	0	1
9	3	0.5	3634	0.499	250040	15	0	1
9	3	0.5	3636	0.499	244588	15	0	1
9	3	0.5	3640	0.499	247032	15	0	1
9	3	0.5	3646	0.499	241956	15	0	1
9	3	0.5	3648	0.499	256808	15	0	1
9	3	0.5	3652	0.499	240640	15	0	1
9	3	0.5	3657	0.499	240264	15	0	1
9	3	0.5	3661	0.499	236692	15	0	1
9	3	0.5	3664	0.499	247032	15	0	1
9	3	0.5	3667	0.499	241956	15	0	1
9	3	0.5	3669	0.499	242708	15	0	1
9	3	0.5	3673	0.499	247032	15	0	1
9	3	0.5	3676	0.499	237820	15	0	1
9	3	0.5	3679	0.499	243272	15	0	1
9	3	0.5	3682	0.499	245716	15	0	1
9	3	0.5	3686	0.499	239888	15	0	1
9	3	0.5	3688	0.499	243084	15	0	1
9	3	0.5	3693	0.499	241580	15	0	1
9	3	0.5	3695	0.499	236880	15	0	1
9	3	0.5	3697	0.499	253988	15	0	1
9	3	0.5	3699	0.499	236316	15	0	1
9	3	0.5	3703	0.499	244964	15	0	1
9	3	0.5	3705	0.499	246468	15	0	1
9	3	0.5	3707	0.499	247408	15	0	1
9	3	0.5	3710	0.499	247784	15	0	1
9	3	0.5	3714	0.499	232932	15	0	1
9	3	0.5	3717	0.499	238948	15	0	1
9	3	0.5	3722	0.499	247596	15	0	1
9	3	0.5	3724	0.499	238196	15	0	1
9	3	0.5	3727	0.499	237444	15	0	1
9	3	0.5	3729	0.499	241956	15	0	1
9	3	0.5	3730	0.499	254552	15	0	1
9	3	0.5	3731	0.499	256432	15	0	1
9	3	0.5	3734	0.499	234248	15	0	1
9	3	0.5	3737	0.499	238008	15	0	1
9	3	0.5	3739	0.499	245152	15	0	1
9	3	0.5	3742	0.499	230300	15	0	1
9	3	0.5	3744	0.499	238384	15	0	1
9	3	0.5	3746	0.499	248348	15	0	1
9	3	0.5	3747	0.499	239136	15	0	1
9	3	0.5	3756	0.499	228984	15	0	1
9	3	0.5	3758	0.499	220524	15	0	1
9	3	0.5	3763	0.533	187812	15	0	1
9	3	0.5	3771	0.5	187248	15	0	1
9	3	0.5	3776	0.5	171644	15	0	1
9	3	0.5	3778	0.5	178788	15	0	1
9	3	0.5	3780	0.5	210748	15	0	1
9	3	0.5	3781	0.533	191196	15	0	1
9	3	0.5	3784	0.5	169012	15	0	1
9	3	0.5	3792	0.499	227104	15	0	1
9	3	0.5	3793	0.499	229924	15	0	1
9	3	0.5	3796	0.499	259440	15	0	1
9	3	0.5	3799	0.499	247784	15	0	1
9	3	0.5	3801	0.499	258688	15	0	1
9	3	0.5	3803	0.499	239888	15	0	1
9	3	0.5	3806	0.499	255680	15	0	1
9	3	0.5	3810	0.499	260004	15	0	1
9	3	0.5	3812	0.499	242520	15	0	1
9	3	0.5	3814	0.499	247972	15	0	1
9	3	0.5	3816	0.499	251168	15	0	1
9	3	0.5	3818	0.499	240828	15	0	1
9	3	0.5	3821	0.499	246656	15	0	1
9	3	0.5	3826	0.499	247220	15	0	1
9	3	0.5	3827	0.499	240640	15	0	1
9	3	0.5	3830	0.499	255304	15	0	1
9	3	0.5	3832	0.499	238948	15	0	1
9	3	0.5	3835	0.499	255304	15	0	1
9	3	0.5	3838	0.499	245340	15	0	1
9	3	0.5	3841	0.499	245904	15	0	1
9	3	0.5	3846	0.499	238384	15	0	1
9	3	0.5	3848	0.499	242520	15	0	1
9	3	0.5	3850	0.499	244776	15	0	1
9	3	0.5	3852	0.499	234248	15	0	1
9	3	0.5	3856	0.499	241768	15	0	1
9	3	0.5	3858	0.499	247596	15	0	1
9	3	0.5	3859	0.499	249664	15	0	1
9	3	0.5	3860	0.499	240828	15	0	1
9	3	0.5	3863	0.499	252108	15	0	1
9	3	0.5	3865	0.499	246468	15	0	1
9	3	0.5	3867	0.499	248348	15	0	1
9	3	0.5	3872	0.499	248348	15	0	1
9	3	0.5	3874	0.499	246280	15	0	1
9	3	0.5	3877	0.499	251544	15	0	1
9	3	0.5	3881	0.499	230676	15	0	1
9	3	0.5	3883	0.499	251356	15	0	1
9	3	0.5	3888	0.499	251544	15	0	1
9	3	0.5	3890	0.499	229736	15	0	1
9	3	0.5	3893	0.499	257936	15	0	1
9	3	0.5	3896	0.499	244212	15	0	1
9	3	0.5	3901	0.499	246468	15	0	1
9	3	0.5	3902	0.499	249100	15	0	1
9	3	0.5	3909	0.499	242896	15	0	1
9	3	0.5	3912	0.499	255868	15	0	1
9	3	0.5	3917	0.499	250792	15	0	1
9	3	0.5	3922	0.499	254552	15	0	1
9	3	0.5	3923	0.499	241204	15	0	1
9	3	0.5	3925	0.499	246092	15	0	1
9	3	0.5	3927	0.499	250040	15	0	1
9	3	0.5	3929	0.499	235940	15	0	1
9	3	0.5	3933	0.499	235188	15	0	1
9	3	0.5	3936	0.499	239324	15	0	1
9	3	0.5	3938	0.499	241392	15	0	1
9	3	0.5	3941	0.499	253800	15	0	1
9	3	0.5	3943	0.499	235564	15	0	1
9	3	0.5	3948	0.499	236128	15	0	1
9	3	0.5	3951	0.499	247408	15	0	1
9	3	0.5	3962	0.499	238760	15	0	1
9	3	0.5	3963	0.499	234060	15	0	1
9	3	0.5	3966	0.499	241580	15	0	1
9	3	0.5	3968	0.499	240452	15	0	1
9	3	0.5	3971	0.499	245716	15	0	1
9	3	0.5	3975	0.499	245340	15	0	1
9	3	0.5	3977	0.499	234812	15	0	1
9	3	0.5	3981	0.499	239888	15	0	1
9	3	0.5	3983	0.499	244400	15	0	1
9	3	0.5	3985	0.499	243272	15	0	1
9	3	0.5	3988	0.499	246092	15	0	1
9	3	0.5	3990	0.499	239136	15	0	1
9	3	0.5	3992	0.499	238760	15	0	1
9	3	0.5	3995	0.499	248160	15	0	1
9	3	0.5	3999	0.499	247220	15	0	1
9	3	0.5	4001	0.499	234436	15	0	1
9	3	0.5	4005	0.499	239512	15	0	1
9	3	0.5	4007	0.499	244024	15	0	1
9	3	0.5	4011	0.499	233120	15	0	1
9	3	0.5	4013	0.499	254176	15	0	1
9	3	0.5	4023	0.499	253612	15	0	1
9	3	0.5	4025	0.499	238384	15	0	1
9	3	0.5	4029	0.499	231616	15	0	1
9	3	0.5	4031	0.499	241956	15	0	1
9	3	0.5	4036	0.499	245528	15	0	1
9	3	0.5	4040	0.499	231992	15	0	1
9	3	0.5	4045	0.499	237444	15	0	1
9	3	0.5	4047	0.499	254928	15	0	1
9	3	0.5	4049	0.499	240452	15	0	1
9	3	0.5	4051	0.499	250604	15	0	1
9	3	0.5	4055	0.499	235752	15	0	1
9	3	0.5	4058	0.499	233308	15	0	1
9	3	0.5	4061	0.499	247596	15	0	1
9	3	0.5	4064	0.499	233684	15	0	1
9	3	0.5	4066	0.499	251920	15	0	1
9	3	0.5	4070	0.499	245340	15	0	1
9	3	0.5	4071	0.499	245528	15	0	1
9	3	0.5	4074	0.499	236128	15	0	1
9	3	0.5	4076	0.499	248536	15	0	1
9	3	0.5	4079	0.499	246280	15	0	1
9	3	0.5	4085	0.499	250228	15	0	1
9	3	0.5	4087	0.499	224284	15	0	1
9	3	0.5	4091	0.499	243084	15	0	1
9	3	0.5	4094	0.499	242144	15	0	1
9	3	0.5	4096	0.499	243648	15	0	1
9	3	0.5	4098	0.499	234060	15	0	1
9	3	0.5	4100	0.499	253048	15	0	1
9	3	0.5	4102	0.499	236504	15	0	1
9	3	0.5	4104	0.499	250416	15	0	1
9	3	0.5	4106	0.499	238008	15	0	1
9	3	0.5	4108	0.499	245340	15	0	1
9	3	0.5	4113	0.499	242520	15	0	1
9	3	0.5	4115	0.499	247784	15	0	1
9	3	0.5	4119	0.499	244588	15	0	1
9	3	0.5	4121	0.499	240076	15	0	1
9	3	0.5	4122	0.499	230676	15	0	1
9	3	0.5	4124	0.499	247032	15	0	1
9	3	0.5	4126	0.499	235564	15	0	1
9	3	0.5	4128	0.499	246092	15	0	1
9	3	0.5	4131	0.499	229172	15	0	1
9	3	0.5	4133	0.499	248160	15	0	1
9	3	0.5	4134	0.499	243836	15	0	1
9	3	0.5	4136	0.499	226164	15	0	1
9	3	0.5	4137	0.499	242144	15	0	1
9	3	0.5	4141	0.499	229172	15	0	1
9	3	0.5	4144	0.499	238008	15	0	1
9	3	0.5	4146	0.499	237256	15	0	1
9	3	0.5	4151	0.499	232180	15	0	1
9	3	0.5	4153	0.499	251168	15	0	1
9	3	0.5	4155	0.499	239512	15	0	1
9	3	0.5	4158	0.499	245716	15	0	1
9	3	0.5	4159	0.499	240828	15	0	1
9	3	0.5	4161	0.499	231616	15	0	1
9	3	0.5	4164	0.499	240076	15	0	1
9	3	0.5	4167	0.499	250040	15	0	1
9	3	0.5	4170	0.499	238948	15	0	1
9	3	0.5	4172	0.499	252108	15	0	1
9	3	0.5	4174	0.499	231052	15	0	1
9	3	0.5	4176	0.499	246844	15	0	1
9	3	0.5	4178	0.499	240452	15	0	1
9	3	0.5	4180	0.499	234060	15	0	1
9	3	0.5	4183	0.499	244776	15	0	1
9	3	0.5	4186	0.499	248160	15	0	1
9	3	0.5	4188	0.499	241580	15	0	1
9	3	0.5	4190	0.499	229924	15	0	1
9	3	0.5	4192	0.499	252108	15	0	1
9	3	0.5	4194	0.499	232744	15	0	1
9	3	0.5	4196	0.499	249100	15	0	1
9	3	0.5	4198	0.499	241204	15	0	1
9	3	0.5	4201	0.499	246280	15	0	1
9	3	0.5	4203	0.499	242896	15	0	1
9	3	0.5	4206	0.499	247596	15	0	1
9	3	0.5	4208	0.499	241956	15	0	1
9	3	0.5	4210	0.499	242708	15	0	1
9	3	0.5	4212	0.499	245528	15	0	1
9	3	0.5	4215	0.499	244588	15	0	1
9	3	0.5	4218	0.499	235564	15	0	1
9	3	0.5	4220	0.499	247972	15	0	1
9	3	0.5	4222	0.499	241204	15	0	1
9	3	0.5	4224	0.499	237632	15	0	1
9	3	0.5	4228	0.499	236880	15	0	1
9	3	0.5	4231	0.499	247784	15	0	1
9	3	0.5	4233	0.499	234436	15	0	1
9	3	0.5	4236	0.499	240076	15	0	1
9	3	0.5	4238	0.499	231428	15	0	1
9	3	0.5	4240	0.499	247784	15	0	1
9	3	0.5	4242	0.499	233684	15	0	1
9	3	0.5	4243	0.499	228984	15	0	1
9	3	0.5	4245	0.499	243084	15	0	1
9	3	0.5	4246	0.499	232744	15	0	1
9	3	0.5	4248	0.499	235376	15	0	1
9	3	0.5	4250	0.499	246468	15	0	1
9	3	0.5	4251	0.499	240264	15	0	1
9	3	0.5	4253	0.499	241016	15	0	1
9	3	0.5	4257	0.499	236692	15	0	1
9	3	0.5	4260	0.499	240640	15	0	1
9	3	0.5	4262	0.499	231804	15	0	1
9	3	0.5	4264	0.499	249476	15	0	1
9	3	0.5	4266	0.499	235752	15	0	1
9	3	0.5	4269	0.499	250040	15	0	1
9	3	0.5	4271	0.499	233120	15	0	1
9	3	0.5	4274	0.499	249100	15	0	1
9	3	0.5	4275	0.499	239136	15	0	1
9	3	0.5	4277	0.499	239888	15	0	1
9	3	0.5	4280	0.499	237632	15	0	1
9	3	0.5	4284	0.499	253424	15	0	1
9	3	0.5	4288	0.499	255868	15	0	1
9	3	0.5	4293	0.499	249100	15	0	1
9	3	0.5	4295	0.499	238008	15	0	1
9	3	0.5	4297	0.499	251544	15	0	1
9	3	0.5	4298	0.499	245716	15	0	1
9	3	0.5	4302	0.499	245904	15	0	1
9	3	0.5	4304	0.499	242144	15	0	1
9	3	0.5	4307	0.499	250040	15	0	1
9	3	0.5	4311	0.499	241016	15	0	1
9	3	0.5	4314	0.499	238760	15	0	1
9	3	0.5	4319	0.499	232556	15	0	1
9	3	0.5	4322	0.499	250228	15	0	1
9	3	0.5	4325	0.499	232556	15	0	1
9	3	0.5	4327	0.499	250228	15	0	1
9	3	0.5	4329	0.499	233308	15	0	1
9	3	0.5	4331	0.499	249852	15	0	1
9	3	0.5	4333	0.499	235376	15	0	1
9	3	0.5	4335	0.499	246280	15	0	1
9	3	0.5	4337	0.499	249852	15	0	1
9	3	0.5	4340	0.499	245904	15	0	1
9	3	0.5	4345	0.499	240452	15	0	1
9	3	0.5	4347	0.499	241956	15	0	1
9	3	0.5	4349	0.499	239700	15	0	1
9	3	0.5	4351	0.499	252860	15	0	1
9	3	0.5	4352	0.499	233684	15	0	1
9	3	0.5	4354	0.499	238384	15	0	1
9	3	0.5	4355	0.499	236692	15	0	1
9	3	0.5	4357	0.499	238196	15	0	1
9	3	0.5	4360	0.499	249664	15	0	1
9	3	0.5	4362	0.499	241768	15	0	1
9	3	0.5	4364	0.499	231804	15	0	1
9	3	0.5	4366	0.499	246468	15	0	1
9	3	0.5	4368	0.499	238384	15	0	1
9	3	0.5	4371	0.499	239136	15	0	1
9	3	0.5	4378	0.499	227856	15	0	1
9	3	0.5	4381	0.499	240452	15	0	1
9	3	0.5	4385	0.499	247220	15	0	1
9	3	0.5	4387	0.499	239700	15	0	1
9	3	0.5	4388	0.499	240828	15	0	1
9	3	0.5	4390	0.499	250040	15	0	1
9	3	0.5	4393	0.499	240452	15	0	1
9	3	0.5	4397	0.499	233308	15	0	1
9	3	0.5	4399	0.499	241956	15	0	1
9	3	0.5	4401	0.499	241580	15	0	1
9	3	0.5	4406	0.499	237444	15	0	1
9	3	0.5	4409	0.499	240640	15	0	1
9	3	0.5	4413	0.499	253800	15	0	1
9	3	0.5	4418	0.499	254928	15	0	1
9	3	0.5	4421	0.499	230300	15	0	1
9	3	0.5	4423	0.499	252484	15	0	1
9	3	0.5	4426	0.499	239700	15	0	1
9	3	0.5	4429	0.499	242708	15	0	1
9	3	0.5	4431	0.499	229172	15	0	1
9	3	0.5	4433	0.499	256996	15	0	1
9	3	0.5	4435	0.499	239512	15	0	1
9	3	0.5	4438	0.499	248536	15	0	1
9	3	0.5	4441	0.499	228796	15	0	1
9	3	0.5	4443	0.499	249852	15	0	1
9	3	0.5	4447	0.499	246468	15	0	1
9	3	0.5	4448	0.499	245904	15	0	1
9	3	0.5	4452	0.499	249288	15	0	1
9	3	0.5	4454	0.499	235752	15	0	1
9	3	0.5	4456	0.499	239700	15	0	1
9	3	0.5	4458	0.499	245152	15	0	1
9	3	0.5	4461	0.499	247408	15	0	1
9	3	0.5	4463	0.499	244776	15	0	1
9	3	0.5	4465	0.499	240452	15	0	1
9	3	0.5	4467	0.499	251732	15	0	1
9	3	0.5	4470	0.499	241580	15	0	1
9	3	0.5	4472	0.499	245152	15	0	1
9	3	0.5	4474	0.499	231616	15	0	1
9	3	0.5	4476	0.499	249100	15	0	1
9	3	0.5	4485	0.499	246280	15	0	1
9	3	0.5	4490	0.499	251168	15	0	1
9	3	0.5	4493	0.499	236316	15	0	1
9	3	0.5	4495	0.499	244588	15	0	1
9	3	0.5	4497	0.499	239324	15	0	1
9	3	0.5	4499	0.499	242708	15	0	1
9	3	0.5	4501	0.499	245904	15	0	1
9	3	0.5	4505	0.499	249476	15	0	1
9	3	0.5	4507	0.499	238572	15	0	1
9	3	0.5	4511	0.499	239136	15	0	1
9	3	0.5	4513	0.499	234812	15	0	1
9	3	0.5	4518	0.499	235940	15	0	1
9	3	0.5	4522	0.499	229172	15	0	1
9	3	0.5	4525	0.499	239136	15	0	1
9	3	0.5	4527	0.499	234060	15	0	1
9	3	0.5	4529	0.499	255304	15	0	1
9	3	0.5	4532	0.499	225224	15	0	1
