# In-browser weeb-3 concurrency sweep. arms [16], rounds 2, block 160.
# Retrieval budget 30000ms. A row at the bound is "did not complete", never a duration.
# Degraded rounds (canary missed), excluded by the analyser: []
# Scheduling probe: same-origin fetch p50 40ms (ceiling 500ms), document hidden. Judge the environment, do not assume it.
# round 0 pos 0 arm 16: peers 134/66 -> 134/66, focused false
# round 1 pos 0 arm 16: peers 134/66 -> 134/66, focused false
# Summarise with: node deploy/scripts/concurrency-analysis.mjs <this file>
arm	round	ref	startMs	endMs	ms	bytes	status	overBudget
canary	0	183d910eef	501	1891	1390	86668	200	
16	0	d6ebea744c	1923	4408	2485	89112	200	
16	0	088a52e4d3	1924	4615	2691	93624	200	
16	0	fcfcf6b680	1923	4618	2695	88736	200	
16	0	6d1b1bb531	4408	5212	804	92684	200	
16	0	3861b195f1	1922	5395	3473	90240	200	
16	0	4e375ec055	1923	5397	3474	92684	200	
16	0	21b8a4d3d6	1924	5403	3479	92120	200	
16	0	1ef5ddab3e	1924	5408	3484	90992	200	
16	0	f8bf441190	1924	5408	3484	88736	200	
16	0	82395150a3	1923	5409	3486	85352	200	
16	0	592a1806c2	1923	5418	3495	92496	200	
16	0	410ec3f7ef	1923	5419	3496	86480	200	
16	0	2174552549	1924	5426	3502	95128	200	
16	0	fd9d21fe23	1924	5595	3671	94376	200	
16	0	d1b2cb06ad	1924	5820	3896	94000	200	
16	0	9dc53a6907	4618	7411	2793	96820	200	
16	0	196674eaed	1924	7415	5491	92308	200	
16	0	e52311058f	5408	7809	2401	95880	200	
16	0	861b3eda86	5409	8423	3014	97384	200	
16	0	bc9758dbdf	5212	8424	3212	94188	200	
16	0	fb302a6983	4615	8424	3809	95128	200	
16	0	bb82e4b1de	5395	8427	3032	96444	200	
16	0	0df3762b6b	5418	8427	3009	95316	200	
16	0	d40526f7a3	5426	8580	3154	91180	200	
16	0	2ccbc407fe	5408	8592	3184	92120	200	
16	0	ecfa94231e	5403	9411	4008	95316	200	
16	0	78d37d7150	5595	9416	3821	97196	200	
16	0	7d7231166d	5419	9418	3999	95504	200	
16	0	af62d54311	7415	9433	2018	89864	200	
16	0	be473597ba	5820	9607	3787	93248	200	
16	0	af02633229	5397	10400	5003	91556	200	
16	0	4f4ac59740	7411	10406	2995	98324	200	
16	0	13cdda7505	8427	11404	2977	91744	200	
16	0	192ce76ed1	8424	11406	2982	90616	200	
16	0	58051a56b5	8427	11410	2983	90052	200	
16	0	548e498e47	8592	11410	2818	94188	200	
16	0	7140329af6	8424	11417	2993	92120	200	
16	0	b89dd2ff8f	7809	12405	4596	97384	200	
16	0	414f28c01a	8580	12405	3825	88172	200	
16	0	02a85751d8	8423	12411	3988	95692	200	
16	0	b85f907966	9411	12417	3006	93812	200	
16	0	1a74700a2f	9433	13399	3966	91368	200	
16	0	90ee87db89	9607	13402	3795	94188	200	
16	0	696fbff4dd	10400	13402	3002	90052	200	
16	0	059acd0774	9418	13403	3985	90616	200	
16	0	b30cd0e4e3	9416	13403	3987	88736	200	
16	0	5154dc285d	10406	14401	3995	90804	200	
16	0	00890383ef	11406	14408	3002	91368	200	
16	0	b0f9ab66c3	11410	14415	3005	90428	200	
16	0	f8743ab4b5	11417	14416	2999	91368	200	
16	0	7397c59e8d	11410	14419	3009	84788	200	
16	0	43de0f7259	12405	15414	3009	92496	200	
16	0	c411b7cbe8	11404	15414	4010	88172	200	
16	0	b572522fc0	12405	15427	3022	91180	200	
16	0	2bebae53d7	12417	15481	3064	95316	200	
16	0	a661f5d55a	12411	15570	3159	88736	200	
16	0	8eb32ec391	13402	15800	2398	92120	200	
16	0	2aa02605c3	13402	16408	3006	98324	200	
16	0	f9ebfb5d6f	13403	16408	3005	95316	200	
16	0	4ba18ae676	13399	16409	3010	99076	200	
16	0	e73a2c1672	13403	16410	3007	96820	200	
16	0	4390d01f18	14401	17403	3002	93248	200	
16	0	7fe74dc7a7	14419	17408	2989	94564	200	
16	0	755ed65555	14408	17416	3008	98324	200	
16	0	a4d9f32351	15427	17436	2009	90428	200	
16	0	02a6b5758b	15414	18405	2991	90428	200	
16	0	2b7efd4925	14416	18407	3991	98136	200	
16	0	523aad5533	14415	18418	4003	93624	200	
16	0	62394de5f0	15481	18419	2938	95128	200	
16	0	18c712e60e	15414	18419	3005	96256	200	
16	0	a9b970fec4	15570	18421	2851	90992	200	
16	0	21dc1a8108	15800	19393	3593	94564	200	
16	0	161f7cc44f	16408	19409	3001	93248	200	
16	0	4860a5ce7f	16408	19411	3003	93060	200	
16	0	39fc0b799b	16409	20407	3998	95128	200	
16	0	3e85b4b4f2	17403	20410	3007	93060	200	
16	0	9714dcd0dd	16410	20417	4007	91180	200	
16	0	3f45696f02	17408	20417	3009	93624	200	
16	0	cbd19dca16	17436	21415	3979	92120	200	
16	0	a431b09fd6	18419	21418	2999	93812	200	
16	0	d22b32c868	18421	21420	2999	95692	200	
16	0	ab8a269352	18419	21424	3005	91932	200	
16	0	8703a4e2c7	17416	21424	4008	95128	200	
16	0	106d05081f	18407	21424	3017	93812	200	
16	0	5ac7851dbc	19411	21588	2177	95128	200	
16	0	b3d19a6a4e	18418	21590	3172	89300	200	
16	0	6db58dfe7a	19409	22403	2994	93060	200	
16	0	3e78ca2085	19393	22409	3016	89112	200	
16	0	a91973c870	18405	22421	4016	93436	200	
16	0	ad0796291b	20417	23410	2993	93060	200	
16	0	6b1c67e9b6	20410	23411	3001	94940	200	
16	0	af71e4d00b	20417	23412	2995	86668	200	
16	0	ac818c8d29	20407	23412	3005	91180	200	
16	0	0272f7cee3	21415	23414	1999	87232	200	
16	0	ccee01ebe8	21424	24423	2999	89300	200	
16	0	ba6fcdd368	21420	24424	3004	86104	200	
16	0	c6769faba3	21424	24427	3003	92308	200	
16	0	86abec19cc	21418	24595	3177	90616	200	
16	0	2c3a11a968	21424	25403	3979	87796	200	
16	0	7dfd23a747	22421	25412	2991	97572	200	
16	0	61ac3e745e	21588	25414	3826	90804	200	
16	0	a5b1b9c588	21590	25581	3991	90804	200	
16	0	2affe2cbf8	22403	25589	3186	96444	200	
16	0	8fb88df326	23414	26392	2978	96068	200	
16	0	09083444c9	22409	26405	3996	90240	200	
16	0	9a5479807b	23411	27403	3992	92872	200	
16	0	0e041fd220	23412	27404	3992	93060	200	
16	0	6c5b240e90	23412	27408	3996	95316	200	
16	0	3805731670	24423	27411	2988	94000	200	
16	0	643919c09f	24424	27411	2987	95128	200	
16	0	412b06ebfd	24427	27411	2984	91368	200	
16	0	cccc04d476	25412	27597	2185	91744	200	
16	0	ca9fb45c59	23410	28398	4988	97008	200	
16	0	960950b573	25414	28402	2988	97008	200	
16	0	3560900b7e	25589	28406	2817	95128	200	
16	0	0838f39999	24595	28407	3812	94940	200	
16	0	73f69507ba	25581	28409	2828	92120	200	
16	0	402a12e54f	25403	28410	3007	94000	200	
16	0	8eb8925af6	26405	29410	3005	95692	200	
16	0	11fa077202	26392	30414	4022	92308	200	
16	0	a7be4435fa	27411	30417	3006	90616	200	
16	0	03efe6ff88	28402	30419	2017	90616	200	
16	0	7a5798d798	27403	30455	3052	94564	200	
16	0	b73488fdd4	27597	31422	3825	92496	200	
16	0	e590b6a643	27404	31424	4020	90052	200	
16	0	1d417f09a0	27411	31427	4016	96068	200	
16	0	0a79c6279b	28410	31428	3018	87608	200	
16	0	bb194cfd9c	28406	31428	3022	91368	200	
16	0	4daf3c9840	27408	31429	4021	95880	200	
16	0	3c66e10211	28398	31429	3031	86856	200	
16	0	c6a532d1a5	27411	31435	4024	90616	200	
16	0	ca36b8bdd4	30417	31593	1176	92120	200	
16	0	107a530005	30414	31612	1198	90428	200	
16	0	1afd9d43ee	1923	32012	30089	0	0	over-budget
16	0	9aef798f14	28409	32410	4001	93060	200	
16	0	e6f7ccd06f	28407	32420	4013	90240	200	
16	0	6a90892834	29410	32427	3017	94940	200	
16	0	ba246b38d2	30419	33411	2992	91368	200	
16	0	0ba2f3212f	30455	33414	2959	87796	200	
16	0	67d03436a2	31424	34431	3007	87232	200	
16	0	6a7aa2bfe2	31429	34600	3171	89864	200	
16	0	c92cfe89a9	31427	35414	3987	90240	200	
16	0	9558e11b2a	31422	35414	3992	91368	200	
16	0	9e29667568	32410	35419	3009	98136	200	
16	0	bc49b1a978	31428	35420	3992	87044	200	
16	0	019fd735e9	32012	35420	3408	92120	200	
16	0	039ed7fdce	32420	35422	3002	93812	200	
16	0	a05dc8a2e0	31612	35422	3810	94188	200	
16	0	155d501063	31429	35422	3993	90992	200	
16	0	84cff65980	31428	35583	4155	92872	200	
16	0	49a3ac7358	32427	35818	3391	97008	200	
16	0	13a511c1f3	33411	35821	2410	98512	200	
16	0	8118f6a2bc	33414	36407	2993	94188	200	
16	0	c2050389d7	31435	36443	5008	95880	200	
16	0	769cc28732	31593	37405	5812	92308	200	
16	0	3ac175f490	34600	37409	2809	89864	200	
16	0	4512c619a5	34431	37411	2980	96632	200	
16	0	164713957d	35414	37601	2187	94000	200	
16	0	520375075e	35414	38400	2986	92120	200	
16	0	6a2d668a46	35419	38404	2985	94188	200	
canary	1	c5a9f56a3c	38405	39585	1180	90428	200	
16	1	96b80d2ff2	39587	41420	1833	89864	200	
16	1	efd8e02694	39586	41421	1835	91368	200	
16	1	2b8f4f5479	39588	42416	2828	88360	200	
16	1	0c6885a6af	39587	42419	2832	88548	200	
16	1	95387f9292	39586	42424	2838	92496	200	
16	1	faae4a7fa1	39588	42425	2837	92684	200	
16	1	0b34d6af59	39588	42426	2838	91368	200	
16	1	acce8b4e23	39586	42426	2840	96632	200	
16	1	dc3c03e16c	39588	42428	2840	88924	200	
16	1	b58eaed2a3	39587	43413	3826	94752	200	
16	1	ff8e57f009	39587	43418	3831	87044	200	
16	1	bad5dc37ff	39587	43423	3836	96256	200	
16	1	c482ff1a24	41420	43432	2012	92684	200	
16	1	5a891e471f	41421	43438	2017	93436	200	
16	1	1e2e689a98	39588	44413	4825	93248	200	
16	1	eb6a01341f	39587	44414	4827	95692	200	
16	1	8302acc645	43418	45408	1990	84412	200	
16	1	45c64f5858	39587	45410	5823	96820	200	
16	1	32af787bf3	39587	45414	5827	91556	200	
16	1	a966d343cb	42425	45420	2995	90052	200	
16	1	b271037071	42416	45420	3004	93060	200	
16	1	e38ebe1357	42424	45421	2997	94000	200	
16	1	116633e598	42426	45422	2996	90992	200	
16	1	f5a4eea302	42426	45422	2996	89300	200	
16	1	68bce2b7da	42428	45422	2994	93624	200	
16	1	3f47fee5fd	43423	46408	2985	90240	200	
16	1	279b41bb54	43432	46409	2977	89300	200	
16	1	a3084742f5	43413	46419	3006	90992	200	
16	1	db4cff3725	45422	47405	1983	93812	200	
16	1	081645407e	44413	47415	3002	87420	200	
16	1	10f4c4fde4	43438	47417	3979	92496	200	
16	1	eb1a13a774	44414	47451	3037	93624	200	
16	1	7c5c7a3a93	45421	47603	2182	91932	200	
16	1	1960af18d0	45410	48410	3000	92684	200	
16	1	99a7948e6d	45408	48411	3003	91744	200	
16	1	076b4293b6	45414	48412	2998	95692	200	
16	1	18bf8aaa55	42419	48416	5997	91932	200	
16	1	940444ee4c	45422	48583	3161	94188	200	
16	1	169ef7d0fa	46408	49402	2994	94376	200	
16	1	b26e9b5fc8	46409	49410	3001	90052	200	
16	1	20d839d6d0	46419	49410	2991	96820	200	
16	1	ac008bfda1	45420	49434	4014	96256	200	
16	1	be712e93f7	45420	49558	4138	91180	200	
16	1	9cef6d076b	45422	49578	4156	97384	200	
16	1	964b6e3185	47405	50433	3028	90804	200	
16	1	75178d091f	47451	50433	2982	94752	200	
16	1	982d0576f9	47415	50433	3018	95316	200	
16	1	e0c0d4b1ed	47603	51426	3823	89488	200	
16	1	0b9768529c	47417	51428	4011	94000	200	
16	1	ef00a1bb8b	48411	51431	3020	95880	200	
16	1	8c870dcd56	48410	51431	3021	97196	200	
16	1	ef17fad69f	49410	52402	2992	92684	200	
16	1	51d2141a3b	48412	52419	4007	93812	200	
16	1	31a8283f08	48416	52425	4009	94564	200	
16	1	41a13d58b8	49434	52426	2992	93060	200	
16	1	5a64fd5f88	49402	52426	3024	96820	200	
16	1	2a183b03e7	50433	52427	1994	90240	200	
16	1	063c06c4f0	49410	52430	3020	90616	200	
16	1	8e48006810	49558	52591	3033	89112	200	
16	1	1ec8b7bdb5	49578	53398	3820	90616	200	
16	1	3b84cc4eb1	50433	53401	2968	89488	200	
16	1	dece773882	50433	53417	2984	94564	200	
16	1	88f8e5b3a6	48583	54399	5816	93624	200	
16	1	d28d41dc59	51428	54411	2983	90804	200	
16	1	de56b51e52	51426	54411	2985	90992	200	
16	1	da89f9fe20	52419	55425	3006	93812	200	
16	1	1297637bda	52425	55425	3000	87420	200	
16	1	b317b37d88	51431	55426	3995	94940	200	
16	1	705513158e	51431	55426	3995	93812	200	
16	1	516b62a483	52430	55426	2996	92872	200	
16	1	d9b8130abb	52591	55427	2836	89300	200	
16	1	5ebb5aafe2	52426	55600	3174	90616	200	
16	1	c007d9b478	53398	56407	3009	92496	200	
16	1	b925b418c4	53401	56415	3014	92308	200	
16	1	ba3afc96cb	52402	56420	4018	88172	200	
16	1	21a4dd867c	54411	56421	2010	92872	200	
16	1	e0c3a7f88a	53417	56424	3007	96256	200	
16	1	1f6e768fe0	52426	57407	4981	84788	200	
16	1	6ebacf9b12	54399	57415	3016	91556	200	
16	1	bc89dc73fc	54411	57415	3004	96256	200	
16	1	9ca8c9731a	52427	58408	5981	89112	200	
16	1	7350716937	55427	58422	2995	95128	200	
16	1	789e48ba48	55426	58423	2997	95692	200	
16	1	01e6573311	55426	58424	2998	94000	200	
16	1	262194654e	56424	58428	2004	88924	200	
16	1	1bb3a3d6c6	55425	58429	3004	97008	200	
16	1	e0f8dd1724	55600	58429	2829	91932	200	
16	1	24cbd57073	55426	58431	3005	92872	200	
16	1	186b1957b8	55425	59408	3983	96068	200	
16	1	ebb737e461	56407	59419	3012	94940	200	
16	1	55eaa68050	56415	59422	3007	93624	200	
16	1	1be36a6105	56420	59423	3003	91744	200	
16	1	630f2aabf0	57407	60401	2994	92872	200	
16	1	e10c3b6ae2	57415	60408	2993	93624	200	
16	1	3c110df652	57415	60411	2996	94564	200	
16	1	630055a80f	58431	61418	2987	89488	200	
16	1	1cfd686204	58408	61434	3026	91932	200	
16	1	70b186000a	58424	61806	3382	90616	200	
16	1	affd7f01fe	58423	62406	3983	96632	200	
16	1	2a93521687	56421	62409	5988	96632	200	
16	1	ad05d055d0	59423	62410	2987	93248	200	
16	1	ff3d0ed00d	58422	62411	3989	94376	200	
16	1	05ae59bb0b	58430	62414	3984	94000	200	
16	1	a8f24d833a	58428	62423	3995	94000	200	
16	1	12a38804f7	59419	62424	3005	94752	200	
16	1	1fef52b6e1	59408	62440	3032	92872	200	
16	1	83072832b7	60401	63414	3013	87420	200	
16	1	75e8462784	60408	63420	3012	95316	200	
16	1	87004724b6	59422	63421	3999	92120	200	
16	1	966eef33fd	58429	63430	5001	89112	200	
16	1	f438591804	60411	63431	3020	90804	200	
16	1	ec2c1d26f9	61418	64413	2995	95316	200	
16	1	b4f8a1e9a5	61434	64413	2979	88548	200	
16	1	8d57efa8a5	62409	65409	3000	86480	200	
16	1	22925d2438	62414	65418	3004	93248	200	
16	1	4265f1cddb	62411	65419	3008	87420	200	
16	1	86946299af	62440	65419	2979	94752	200	
16	1	cd851e92af	62406	65419	3013	92308	200	
16	1	a715b86aa3	61806	65420	3614	93060	200	
16	1	b61e2a6242	63420	65425	2005	93060	200	
16	1	9eadb978b4	62424	65591	3167	92308	200	
16	1	de18959592	62410	65592	3182	87420	200	
16	1	21ce841138	62423	66405	3982	87984	200	
16	1	cd0170fc3a	63421	66407	2986	91744	200	
16	1	fd40581645	63414	66414	3000	92872	200	
16	1	9b36b5ad4c	63431	67394	3963	93436	200	
16	1	9e6754266e	64413	67404	2991	96068	200	
16	1	15438251e9	65419	67405	1986	89676	200	
16	1	d64fd4cafc	64413	67420	3007	93436	200	
16	1	bf143370fd	65418	68416	2998	96068	200	
16	1	012f3bd246	63430	68418	4988	95880	200	
16	1	8d5dfaad71	65419	68418	2999	92308	200	
16	1	7b5bb1dd50	65420	68425	3005	94000	200	
16	1	4c3c1d6740	65409	68426	3017	94564	200	
16	1	557b9da73c	66405	69417	3012	90804	200	
16	1	13e08f1429	66414	69421	3007	94752	200	
16	1	06fd705d97	65425	70402	4977	91556	200	
16	1	28ccd3563b	67394	70413	3019	94000	200	
16	1	b423ffd47e	65591	70416	4825	96632	200	
16	1	44a42fa81f	65419	70418	4999	94376	200	
16	1	5b09da1eb6	67405	70418	3013	97196	200	
16	1	0453424c42	67420	70420	3000	91932	200	
16	1	60e1f3ef19	67404	70423	3019	89488	200	
16	1	bf45d37b85	65592	70423	4831	95504	200	
16	1	4bb97c13f7	68416	71406	2990	96820	200	
16	1	60a07a12c2	68418	71408	2990	94564	200	
16	1	c1d033bd9b	66407	71408	5001	97384	200	
16	1	31ccf6b1ad	68418	71420	3002	90052	200	
16	1	021eba2271	70402	72414	2012	91932	200	
16	1	06f465d07b	68425	72415	3990	91932	200	
16	1	a328a92932	69421	72418	2997	90804	200	
16	1	63da850b87	68426	72418	3992	87796	200	
16	1	d05e63224e	70413	72608	2195	90992	200	
16	1	9c5f05ace0	70423	73415	2992	88548	200	
16	1	ba9d13c3fb	70416	73416	3000	90616	200	
16	1	a3ccfbac5f	69417	73418	4001	94188	200	
16	1	917a033a73	70420	73420	3000	90428	200	
16	1	aaef7d805a	70418	73420	3002	89300	200	
16	1	f3f248018e	70423	73420	2997	91368	200	
16	1	b73ad7d5e7	70418	73425	3007	94752	200	
warm	-1	a3ccfbac5f	73426	73427	1	94188	200	
warm	-1	917a033a73	73427	73429	2	90428	200	
warm	-1	aaef7d805a	73429	73430	1	89300	200	
warm	-1	f3f248018e	73430	73431	1	91368	200	
warm	-1	b73ad7d5e7	73431	73432	1	94752	200	