# In-browser weeb-3 concurrency sweep. arms [16,32], rounds 2, block 160.
# Retrieval budget 30000ms. A row at the bound is "did not complete", never a duration.
# Degraded rounds (canary missed), excluded by the analyser: [1]
# Scheduling probe: same-origin fetch p50 44ms (ceiling 500ms), document hidden. Judge the environment, do not assume it.
# round 0 pos 0 arm 16: peers 147/53 -> 147/53, focused false
# round 0 pos 1 arm 32: peers 147/53 -> 147/53, focused false
# round 1 pos 0 arm 32: peers 147/53 -> 147/53, focused false
# round 1 pos 1 arm 16: peers 147/53 -> 147/53, focused false
# Summarise with: node deploy/scripts/concurrency-analysis.mjs <this file>
arm	round	ref	startMs	endMs	ms	bytes	status	overBudget
canary	0	2a86dcb414	894	2120	1226	94188	200	
16	0	3394816246	2133	3115	982	95692	200	
16	0	215ca63cf2	2133	3334	1201	94188	200	
16	0	1ca2415751	2134	3391	1257	97572	200	
16	0	5519e0e29e	2133	3408	1275	92684	200	
16	0	9bec5bbf46	3391	4374	983	90052	200	
16	0	759d773cf0	3334	4375	1041	95128	200	
16	0	924c258553	2133	5223	3090	95128	200	
16	0	e1a61f5675	2133	5225	3092	92120	200	
16	0	ee95debe60	2137	5230	3093	91180	200	
16	0	e0925c248a	2132	5230	3098	88736	200	
16	0	4d96d2ca92	2134	5230	3096	91368	200	
16	0	8b9ecb95da	2134	5231	3097	97948	200	
16	0	88a58fe55f	2134	5231	3097	91932	200	
16	0	126b6f611e	4374	5351	977	95316	200	
16	0	82669ccf33	3115	5412	2297	94000	200	
16	0	2dbea77417	2135	5665	3530	96820	200	
16	0	7dacfd52d5	2136	5862	3726	93248	200	
16	0	eeb601ae07	3408	6221	2813	97760	200	
16	0	b9ccd99aaa	2136	6624	4488	91556	200	
16	0	541584eb31	2137	6632	4495	94376	200	
16	0	ce1fa7485b	2137	7207	5070	94000	200	
16	0	ab0c9fac41	5223	7403	2180	92684	200	
16	0	e60ebd74c9	4375	8208	3833	92120	200	
16	0	37e3cbe67b	5225	8211	2986	93436	200	
16	0	851592d870	5230	8216	2986	92496	200	
16	0	9e4cd47cc5	5231	8219	2988	88360	200	
16	0	448eb18ce5	5230	8219	2989	94188	200	
16	0	c33dc92734	5412	8368	2956	90804	200	
16	0	aa2ac018be	5230	8395	3165	91180	200	
16	0	c787204559	5351	8401	3050	92120	200	
16	0	a748800abb	5231	8820	3589	93060	200	
16	0	60d0711b9f	7208	9204	1996	91932	200	
16	0	2e33e0bb1a	8219	9206	987	84600	200	
16	0	cfd063061b	5862	9331	3469	88924	200	
16	0	53f17689b9	6624	9381	2757	91180	200	
16	0	fe351f7184	6221	10214	3993	91744	200	
16	0	7f1b8ffbbd	5665	10215	4550	94376	200	
16	0	975f4388b7	7403	10217	2814	87420	200	
16	0	104834782a	6632	10217	3585	91744	200	
16	0	8818157eaa	9204	10400	1196	98324	200	
16	0	e32589948a	8211	11202	2991	88360	200	
16	0	4ee05d35cb	8368	11207	2839	92496	200	
16	0	9cf0752337	8216	11209	2993	88924	200	
16	0	cc7f0962c7	8395	11213	2818	90616	200	
16	0	32a4c63387	8820	11216	2396	93812	200	
16	0	36b7450063	8401	11224	2823	94000	200	
16	0	f742e1ed99	8208	11383	3175	92308	200	
16	0	5cda312906	10215	11387	1172	97572	200	
16	0	605a05fc2f	9206	11394	2188	91744	200	
16	0	d8ef824e00	9381	12214	2833	94752	200	
16	0	f72c41e9e8	11202	13207	2005	93248	200	
16	0	6169275a5a	8219	13212	4993	90052	200	
16	0	67572db0f0	9331	13215	3884	97760	200	
16	0	a2746f4dd9	10217	13219	3002	97384	200	
16	0	c7fbc19bcb	10217	13219	3002	94940	200	
16	0	01e125c19b	10214	13401	3187	98324	200	
16	0	2c703b79c4	11209	13406	2197	96068	200	
16	0	61bab77ade	10400	13408	3008	90616	200	
16	0	cb978c556d	11224	14216	2992	95128	200	
16	0	2e07f20dd2	11207	14216	3009	91180	200	
16	0	5b25863726	13212	14217	1005	93248	200	
16	0	07f56a4a5f	13207	14217	1010	93248	200	
16	0	d492dab839	11394	14408	3014	94000	200	
16	0	bae9320724	11216	14596	3380	91180	200	
16	0	a54a8e008d	11383	15201	3818	90616	200	
16	0	4cda285895	11213	15209	3996	93624	200	
16	0	3ae69552ad	12214	15227	3013	96632	200	
16	0	2109577b94	11387	15228	3841	91932	200	
16	0	8490161b1e	13219	16223	3004	90240	200	
16	0	07f1b6c272	13406	16224	2818	93624	200	
16	0	c02b42c35b	13408	16235	2827	86856	200	
16	0	6c417f5041	13401	17211	3810	87984	200	
16	0	6aa77160fc	14216	17212	2996	94188	200	
16	0	f43a3b5de1	14216	17215	2999	92872	200	
16	0	dbaded2bb9	13219	17218	3999	94000	200	
16	0	01e4605435	13215	17234	4019	96444	200	
16	0	eaa0f1d583	14217	17236	3019	91556	200	
16	0	dcee7763b4	14408	17394	2986	88736	200	
16	0	d87fc59875	14217	17398	3181	93436	200	
16	0	165ec7be3f	15201	18216	3015	90804	200	
16	0	88e4a0de09	15209	18225	3016	93436	200	
16	0	d0cc406fb6	15227	18227	3000	86668	200	
16	0	136619fa52	16223	18369	2146	93436	200	
16	0	cae4364276	17211	18409	1198	87608	200	
16	0	a830518370	14596	19219	4623	95692	200	
16	0	99891e5e9a	15228	19220	3992	94752	200	
16	0	c7234f517c	16224	19221	2997	86480	200	
16	0	3e0516aac7	16235	19226	2991	87608	200	
16	0	e235d31c53	17212	20211	2999	91368	200	
16	0	c785ce4130	17215	20212	2997	90428	200	
16	0	65dc54d319	17218	20215	2997	91932	200	
16	0	66b37efc2f	17234	20219	2985	94940	200	
16	0	80c6341a6a	17236	20221	2985	93624	200	
16	0	8e18efdda7	18216	20401	2185	96820	200	
16	0	a5dc91ca12	18225	21213	2988	92872	200	
16	0	95a185825f	18369	21214	2845	94564	200	
16	0	58da978700	18227	21219	2992	96256	200	
16	0	3bce0c3d91	17394	21219	3825	94376	200	
16	0	5396009889	17398	21227	3829	94376	200	
16	0	6e6e1beb9a	18409	21389	2980	97572	200	
16	0	13573eb17c	19219	22205	2986	97384	200	
16	0	3280615a96	19226	22218	2992	93812	200	
16	0	0805dcc642	20219	23206	2987	94940	200	
16	0	052374f0bf	19220	23206	3986	90804	200	
16	0	2598a7585c	21219	23213	1994	98136	200	
16	0	d28b943df1	20401	23213	2812	96068	200	
16	0	df97b72021	21213	23214	2001	92872	200	
16	0	17460fe815	20215	23215	3000	97196	200	
16	0	916e26eea6	20211	23216	3005	96632	200	
16	0	a7425fb3c9	20212	23216	3004	93060	200	
16	0	a98260e8c3	19221	23217	3996	95128	200	
16	0	8ed0940ebe	20221	23224	3003	90240	200	
16	0	4100742315	21214	24227	3013	98512	200	
16	0	b7ca6b4c5c	21219	24230	3011	91556	200	
16	0	95de8f55d8	21227	24387	3160	92872	200	
16	0	8923c81cb0	22218	25210	2992	88924	200	
16	0	86694732c1	21389	25212	3823	93812	200	
16	0	c88f96a7c3	22205	25213	3008	92308	200	
16	0	65edcd507e	23206	25396	2190	91556	200	
16	0	4b26f0d111	23215	26204	2989	91556	200	
16	0	8de8be4cf1	23213	26208	2995	93436	200	
16	0	45ad11bc31	23217	26209	2992	90616	200	
16	0	f43640c7f8	23214	26212	2998	92308	200	
16	0	64398da925	23216	26213	2997	94752	200	
16	0	55e5573342	23206	26355	3149	88548	200	
16	0	b021b1efa5	23213	26357	3144	89864	200	
16	0	9827a9bee8	23216	27203	3987	91744	200	
16	0	2bbeb9b2a4	24227	27208	2981	88924	200	
16	0	460327cb2f	24387	27209	2822	86668	200	
16	0	5dc25ea474	23224	27366	4142	91744	200	
16	0	cf17a50eec	25212	28271	3059	90428	200	
16	0	db363cca0f	24230	28274	4044	92308	200	
16	0	ae789b49b9	25213	28276	3063	90428	200	
16	0	8a5fd5d916	25396	28280	2884	92120	200	
16	0	cee4180efb	25210	28395	3185	87608	200	
16	0	f0fbca4c63	26208	29207	2999	95128	200	
16	0	8dc7cca78b	26204	29215	3011	88736	200	
16	0	86c4db7122	26212	29220	3008	97384	200	
16	0	3bd3a80c1d	26209	29234	3025	94000	200	
16	0	0b79fe5307	26355	29235	2880	94564	200	
16	0	b821aa4edb	26213	29238	3025	97572	200	
16	0	7c702294b8	28271	30209	1938	92684	200	
16	0	4c7315f161	27203	30225	3022	93624	200	
16	0	644a22c5d6	27366	30228	2862	99640	200	
16	0	7ab754e02d	27209	30228	3019	94188	200	
16	0	985d89986d	26357	30234	3877	95880	200	
16	0	b17fc34c73	28276	31213	2937	95316	200	
16	0	26ebb82364	27208	31215	4007	98512	200	
16	0	25ce2ee940	28280	31217	2937	90052	200	
16	0	f79c9e2438	28395	31220	2825	93624	200	
16	0	3c22863d2a	28274	31221	2947	94940	200	
16	0	8a911ba259	29207	32208	3001	92120	200	
16	0	9dc75f09a2	29234	32213	2979	97196	200	
16	0	4970b08187	29215	32217	3002	94376	200	
16	0	b7d8ce53ef	29220	32218	2998	88924	200	
16	0	af140a9391	29238	32218	2980	92308	200	
16	0	efe56c8475	29235	32219	2984	96256	200	
16	0	ba34fc8c79	30209	32238	2029	92120	200	
16	0	a70e8754e2	30228	33204	2976	94188	200	
16	0	24cfe8e22a	30225	33210	2985	93436	200	
32	0	be3488f0c0	33211	34467	1256	95128	200	
32	0	c5a17cafeb	33211	35212	2001	93248	200	
32	0	b59ea3d7e3	33211	36214	3003	94752	200	
32	0	c2d744d1da	33211	36219	3008	93248	200	
32	0	2a8ca86221	33211	36223	3012	92496	200	
32	0	571ff6d71d	33210	36225	3015	92120	200	
32	0	4ed5852707	33211	36226	3015	94188	200	
32	0	f83fe00de7	33210	36226	3016	90052	200	
32	0	03b6a701a7	33211	36377	3166	91556	200	
32	0	cc44f43b8c	33212	37207	3995	90052	200	
32	0	188eea05f1	33211	38210	4999	91368	200	
32	0	700ad7bac1	33211	38210	4999	93060	200	
32	0	7f6fa45acc	33213	38210	4997	95880	200	
32	0	923fb537dc	33210	38230	5020	94188	200	
32	0	1bff58a51f	33212	39202	5990	84600	200	
32	0	e9b297eaac	35212	41203	5991	94564	200	
32	0	9b0482bec8	33211	63815	30604	0	0	over-budget
32	0	2eaa1aaca9	33211	63816	30605	0	0	over-budget
32	0	74bd77eeae	33211	63817	30606	0	0	over-budget
32	0	a1925df1d3	33212	63817	30605	0	0	over-budget
32	0	c341c94ca2	33212	63817	30605	0	0	over-budget
32	0	bb55a2c5f7	33212	63818	30606	0	0	over-budget
32	0	3c5dd3cae7	33212	63818	30606	0	0	over-budget
32	0	f982bc50c4	33212	63818	30606	0	0	over-budget
32	0	cfa2043c0d	33212	63818	30606	0	0	over-budget
32	0	1d6c3cf1d2	33212	63819	30607	0	0	over-budget
32	0	e90d23d09f	33213	63819	30606	0	0	over-budget
32	0	de21625fe1	33213	63819	30606	0	0	over-budget
32	0	001a9f85aa	33213	63819	30606	0	0	over-budget
32	0	694e432fbd	33213	63819	30606	0	0	over-budget
32	0	a2a99b283c	33213	63819	30606	0	0	over-budget
32	0	229da1a546	33214	63819	30605	0	0	over-budget
32	0	2f150c3f6f	33215	63820	30605	0	0	over-budget
32	0	92a5cb4d1f	34467	64818	30351	0	0	over-budget
32	0	ad36031eb6	36214	66822	30608	0	0	over-budget
32	0	aaec8fe8a0	36219	66822	30603	0	0	over-budget
32	0	378c1afbc4	36223	66822	30599	0	0	over-budget
32	0	6d1bcc62b8	36225	66823	30598	0	0	over-budget
32	0	6a4c478358	36226	66823	30597	0	0	over-budget
32	0	2276c7d54c	36226	66823	30597	0	0	over-budget
32	0	56bb83515e	36377	66823	30446	0	0	over-budget
32	0	6b5691e60e	37207	67824	30617	0	0	over-budget
32	0	d0232bbc68	38210	68822	30612	0	0	over-budget
32	0	680a5261e8	38210	68822	30612	0	0	over-budget
32	0	762d0bfb9a	38210	68823	30613	0	0	over-budget
32	0	ae12e45137	38230	68823	30593	0	0	over-budget
32	0	521bb54f7d	39202	69820	30618	0	0	over-budget
32	0	2a3b33857a	41203	71827	30624	0	0	over-budget
32	0	5a355b6ee6	63816	94816	31000	0	0	over-budget
32	0	2f907f6e5c	63816	94817	31001	0	0	over-budget
32	0	f580ae0ce1	63817	94818	31001	0	0	over-budget
32	0	c87f9fc53d	63817	94818	31001	0	0	over-budget
32	0	90849f6401	63818	94818	31000	0	0	over-budget
32	0	898d4b8cfe	63818	94818	31000	0	0	over-budget
32	0	35dd7a2542	63818	94819	31001	0	0	over-budget
32	0	296b94b1be	63818	94819	31001	0	0	over-budget
32	0	f9beff9cd0	63818	94819	31001	0	0	over-budget
32	0	7463de75a8	63819	94819	31000	0	0	over-budget
32	0	374b899272	63819	94819	31000	0	0	over-budget
32	0	26ea494f37	63819	94819	31000	0	0	over-budget
32	0	6b0d8ec41e	63819	94820	31001	0	0	over-budget
32	0	27cbb01a7f	63819	94820	31001	0	0	over-budget
32	0	0d70bbb53c	63819	94820	31001	0	0	over-budget
32	0	34816ce2f7	63819	94820	31001	0	0	over-budget
32	0	8a1979479c	63820	94820	31000	0	0	over-budget
32	0	ca022bb746	64818	94822	30004	0	0	over-budget
32	0	90e5eb3f20	66822	97816	30994	0	0	over-budget
32	0	c3569e44b9	66822	97816	30994	0	0	over-budget
32	0	207606b743	66822	97816	30994	0	0	over-budget
32	0	b525b74a4b	66823	97817	30994	0	0	over-budget
32	0	053ebff199	66823	97817	30994	0	0	over-budget
32	0	2d27702a2d	66823	97817	30994	0	0	over-budget
32	0	6c9165284c	66823	97817	30994	0	0	over-budget
32	0	2c18e0cdd6	67824	98814	30990	0	0	over-budget
32	0	bedc018f89	68822	99815	30993	0	0	over-budget
32	0	78c5f43142	68822	99815	30993	0	0	over-budget
32	0	2f31ed52d4	68823	99816	30993	0	0	over-budget
32	0	643d641f37	68823	99816	30993	0	0	over-budget
32	0	5728c60772	69820	100815	30995	0	0	over-budget
32	0	d690297094	71827	102815	30988	0	0	over-budget
32	0	c5a638a92f	94816	124818	30002	0	0	over-budget
32	0	4176886bee	94817	125816	30999	0	0	over-budget
32	0	4f61e39350	94818	125816	30998	0	0	over-budget
32	0	c0bf17287b	94818	125817	30999	0	0	over-budget
32	0	55a3fa1dbf	94818	125817	30999	0	0	over-budget
32	0	814e525b4b	94818	125817	30999	0	0	over-budget
32	0	716bbd1be0	94819	125818	30999	0	0	over-budget
32	0	2630483b3b	94819	125818	30999	0	0	over-budget
32	0	4f4633ae1b	94819	125818	30999	0	0	over-budget
32	0	f70519b54d	94819	125818	30999	0	0	over-budget
32	0	14363f2278	94819	125819	31000	0	0	over-budget
32	0	585d9132cc	94819	125819	31000	0	0	over-budget
32	0	9638386a28	94820	125819	30999	0	0	over-budget
32	0	a4fb7377d4	94820	125819	30999	0	0	over-budget
32	0	e434cd7e13	94820	125820	31000	0	0	over-budget
32	0	bfaefb6fcf	94820	125820	31000	0	0	over-budget
32	0	fe65d5f1b7	94820	125820	31000	0	0	over-budget
32	0	9d770970d6	94822	125820	30998	0	0	over-budget
32	0	a8fa1059ed	97816	127821	30005	0	0	over-budget
32	0	b4a84fb2ac	97816	127821	30005	0	0	over-budget
32	0	5433c3d0f6	97816	127821	30005	0	0	over-budget
32	0	40231ce9cd	97817	127822	30005	0	0	over-budget
32	0	2148cd54e8	97817	127822	30005	0	0	over-budget
32	0	f63c23c261	97817	127822	30005	0	0	over-budget
32	0	3d5db26e87	97817	128815	30998	0	0	over-budget
32	0	f2009d9b6e	98814	128820	30006	0	0	over-budget
32	0	03265926c8	99815	129821	30006	0	0	over-budget
32	0	61b843a290	99815	129822	30007	0	0	over-budget
32	0	43b32794a0	99816	129822	30006	0	0	over-budget
32	0	9225bc837f	99816	129822	30006	0	0	over-budget
32	0	187c7c9a7f	100815	130819	30004	0	0	over-budget
32	0	de7406a203	102815	132817	30002	0	0	over-budget
32	0	16bbc6964f	124818	154823	30005	0	0	over-budget
32	0	52c40448fd	125816	156815	30999	0	0	over-budget
32	0	22957aff14	125816	156816	31000	0	0	over-budget
32	0	83ec5c3654	125817	156816	30999	0	0	over-budget
32	0	de4c9765dd	125817	156816	30999	0	0	over-budget
32	0	9173e3b1cc	125817	156816	30999	0	0	over-budget
32	0	c34ee0cd7f	125818	156816	30998	0	0	over-budget
32	0	8896245180	125818	156816	30998	0	0	over-budget
32	0	0dd66de487	125818	156816	30998	0	0	over-budget
32	0	d570faf50a	125818	156817	30999	0	0	over-budget
32	0	e7e264596b	125819	156817	30998	0	0	over-budget
32	0	30f106980b	125819	156818	30999	0	0	over-budget
32	0	cd7c84bb60	125819	156818	30999	0	0	over-budget
32	0	01edb7c559	125819	156818	30999	0	0	over-budget
32	0	9d5e2f44e9	125820	156819	30999	0	0	over-budget
32	0	a9bfe1dab5	125820	156819	30999	0	0	over-budget
32	0	21cacf1f59	125820	156819	30999	0	0	over-budget
32	0	cdf5a1c70d	125820	156819	30999	0	0	over-budget
32	0	4d4f0189b7	127821	158816	30995	0	0	over-budget
32	0	3547636739	127821	158816	30995	0	0	over-budget
32	0	28bb7d6d96	127821	158816	30995	0	0	over-budget
32	0	fd0829fda9	127822	158816	30994	0	0	over-budget
32	0	199c16d503	127822	158816	30994	0	0	over-budget
32	0	bc7da93703	127822	158816	30994	0	0	over-budget
32	0	b6a6ca8842	128815	158819	30004	0	0	over-budget
32	0	f9b80e602d	128820	159815	30995	0	0	over-budget
32	0	86797cab86	129822	160815	30993	0	0	over-budget
32	0	f9a35ae0a7	129822	160815	30993	0	0	over-budget
32	0	53e50b96f1	129822	160815	30993	0	0	over-budget
32	0	93b0505a80	129822	160815	30993	0	0	over-budget
32	0	4b254c1c4f	130819	161815	30996	0	0	over-budget
32	0	28074ed25c	132817	162818	30001	0	0	over-budget
32	0	fc09ca77eb	154823	185816	30993	0	0	over-budget
32	0	e63dbd566c	156815	186824	30009	0	0	over-budget
32	0	c00d45b2e5	156816	186824	30008	0	0	over-budget
32	0	e1322de303	156816	186824	30008	0	0	over-budget
32	0	5990501dd4	156816	186824	30008	0	0	over-budget
32	0	8689826ddd	156816	186824	30008	0	0	over-budget
32	0	4ded743c11	156816	186824	30008	0	0	over-budget
32	0	2128cb2c7b	156816	186824	30008	0	0	over-budget
32	0	9cd953a8e8	156816	186824	30008	0	0	over-budget
32	0	4f3eb6a190	156817	186824	30007	0	0	over-budget
32	0	00015ebf79	156817	186824	30007	0	0	over-budget
32	0	0f877b6e0d	156818	186824	30006	0	0	over-budget
32	0	fcba0e2c31	156818	186824	30006	0	0	over-budget
32	0	b8c7b66418	156818	186824	30006	0	0	over-budget
32	0	51c89cf892	156819	186824	30005	0	0	over-budget
32	0	5ea8f6bbec	156819	186824	30005	0	0	over-budget
canary	1	28dfec5c61	186859	217816	30957	0	0	over-budget
32	1	59d99eb353	217820	299872	82052	0	0	over-budget
32	1	e30af81650	217821	299873	82052	0	0	over-budget
32	1	00a821af3a	217821	299873	82052	0	0	over-budget
32	1	aaf18a0dca	217821	299873	82052	0	0	over-budget
32	1	9d9bd443fa	217821	299873	82052	0	0	over-budget
32	1	31d70f3080	217821	299873	82052	0	0	over-budget
32	1	5b41e7596c	217821	299874	82053	0	0	over-budget
32	1	92bb6e21e5	217821	299874	82053	0	0	over-budget
32	1	f4f904a413	217821	299874	82053	0	0	over-budget
32	1	96d2e45f28	217821	299874	82053	0	0	over-budget
32	1	6d25588635	217821	299874	82053	0	0	over-budget
32	1	933d686c8e	217821	299874	82053	0	0	over-budget
32	1	4716aa4e1d	217821	299874	82053	0	0	over-budget
32	1	efeff48e25	217821	299874	82053	0	0	over-budget
32	1	1bb794ac30	217821	299874	82053	0	0	over-budget
32	1	ec47d5ca17	217822	299874	82052	0	0	over-budget
32	1	cb25124f7e	217822	299875	82053	0	0	over-budget
32	1	093fe79847	217822	299875	82053	0	0	over-budget
32	1	62b173c5e7	217822	299875	82053	0	0	over-budget
32	1	f798e72df3	217822	299875	82053	0	0	over-budget
32	1	0e0761000e	217822	299875	82053	0	0	over-budget
32	1	9f42b34d4d	217822	299875	82053	0	0	over-budget
32	1	fafc899012	217822	299875	82053	0	0	over-budget
32	1	4fbf834d7f	217822	299875	82053	0	0	over-budget
32	1	ee6d69dac9	217822	299876	82054	0	0	over-budget
32	1	50ac3c2916	217822	299876	82054	0	0	over-budget
32	1	fdea0771cf	217822	299876	82054	0	0	over-budget
32	1	7ab12fa28a	217822	299876	82054	0	0	over-budget
32	1	63cc4791b6	217822	299876	82054	0	0	over-budget
32	1	e10053062e	217822	299879	82057	0	0	over-budget
32	1	f95a62e9eb	217823	299879	82056	0	0	over-budget
32	1	ec3b0ba0f3	217823	299879	82056	0	0	over-budget
32	1	8591be9691	299872	359890	60018	0	0	over-budget
32	1	de7fff1aaa	299873	359891	60018	0	0	over-budget
32	1	84f245b694	299873	359891	60018	0	0	over-budget
32	1	ce346a30d7	299873	359891	60018	0	0	over-budget
32	1	0ee2196cf7	299873	359891	60018	0	0	over-budget
32	1	98f7304288	299873	359891	60018	0	0	over-budget
32	1	64ce7f37bc	299874	359891	60017	0	0	over-budget
32	1	80bfbf7a9d	299874	359891	60017	0	0	over-budget
32	1	79c85f217a	299874	359892	60018	0	0	over-budget
32	1	0ae6ae91d5	299874	359892	60018	0	0	over-budget
32	1	a6333c8e4c	299874	359892	60018	0	0	over-budget
32	1	bbb5b8fed4	299874	359892	60018	0	0	over-budget
32	1	c2df715f3d	299874	359892	60018	0	0	over-budget
32	1	7e1e4f21a0	299874	359893	60019	0	0	over-budget
32	1	aaa469b24e	299874	359893	60019	0	0	over-budget
32	1	fd72b24671	299875	359893	60018	0	0	over-budget
32	1	df855f8170	299875	359893	60018	0	0	over-budget
32	1	ea20629c90	299875	359893	60018	0	0	over-budget
32	1	b807fa393d	299875	359894	60019	0	0	over-budget
32	1	23010b0d3e	299875	359894	60019	0	0	over-budget
32	1	f553df65f3	299875	359894	60019	0	0	over-budget
32	1	ee48500f24	299875	359894	60019	0	0	over-budget
32	1	9389ae3b68	299875	359894	60019	0	0	over-budget
32	1	5a40c3adba	299875	359894	60019	0	0	over-budget
32	1	fd0fbd7ef9	299876	359894	60018	0	0	over-budget
32	1	836e8427ff	299876	359894	60018	0	0	over-budget
32	1	140fa0ceee	299876	359894	60018	0	0	over-budget
32	1	b9fa167c4a	299876	359894	60018	0	0	over-budget
32	1	ca88c1312e	299876	359894	60018	0	0	over-budget
32	1	f06383e592	299879	359894	60015	0	0	over-budget
32	1	8f71df7072	299879	359895	60016	0	0	over-budget
32	1	ed7a39718d	299879	359895	60016	0	0	over-budget
32	1	d8564d1cf9	359890	419889	59999	0	0	over-budget
32	1	dd5a21040f	359891	419890	59999	0	0	over-budget
32	1	62b702afcc	359891	419890	59999	0	0	over-budget
32	1	08b195d7b1	359891	419890	59999	0	0	over-budget
32	1	02622d0888	359891	419891	60000	0	0	over-budget
32	1	6d2cacc70e	359891	419891	60000	0	0	over-budget
32	1	5b04d94a75	359891	419891	60000	0	0	over-budget
32	1	fa583cb13c	359891	419891	60000	0	0	over-budget
32	1	df496b2437	359892	419891	59999	0	0	over-budget
32	1	eaa6d392d5	359892	419892	60000	0	0	over-budget
32	1	b28cb7e4f0	359892	419892	60000	0	0	over-budget
32	1	3ce9b63292	359892	419892	60000	0	0	over-budget
32	1	4042edcd94	359892	419892	60000	0	0	over-budget
32	1	fd71fbf8fe	359893	419892	59999	0	0	over-budget
32	1	fd558e52c9	359893	419892	59999	0	0	over-budget
32	1	6379474963	359893	419892	59999	0	0	over-budget
32	1	59721c671a	359893	419892	59999	0	0	over-budget
32	1	8ee7082253	359893	419892	59999	0	0	over-budget
32	1	54de634f43	359894	419892	59998	0	0	over-budget
32	1	d7a163422e	359894	419892	59998	0	0	over-budget
32	1	4306ec58c6	359894	419892	59998	0	0	over-budget
32	1	5518d872e2	359894	419893	59999	0	0	over-budget
32	1	e81ee17859	359894	419893	59999	0	0	over-budget
32	1	97a1ba30f7	359894	419893	59999	0	0	over-budget
32	1	04f36e7ebb	359894	419893	59999	0	0	over-budget
32	1	56adc771ad	359894	419893	59999	0	0	over-budget
32	1	a7b3bfc7b7	359894	419893	59999	0	0	over-budget
32	1	760fdc8d9c	359894	419893	59999	0	0	over-budget
32	1	5f2e7c3ab1	359894	419893	59999	0	0	over-budget
32	1	48cae83dd0	359894	419893	59999	0	0	over-budget
32	1	7c8320ec77	359895	419893	59998	0	0	over-budget
32	1	33de2ad802	359895	419894	59999	0	0	over-budget
32	1	8d8760f002	419889	479939	60050	0	0	over-budget
32	1	250ab1a2fc	419890	479940	60050	0	0	over-budget
32	1	d93f5957dd	419890	479940	60050	0	0	over-budget
32	1	81d417dc78	419890	479940	60050	0	0	over-budget
32	1	c25034dcd1	419891	479941	60050	0	0	over-budget
32	1	772ddec2fe	419891	479941	60050	0	0	over-budget
32	1	b99077c47f	419891	479942	60051	0	0	over-budget
32	1	64f9eaa9cd	419891	479942	60051	0	0	over-budget
32	1	109d99d26d	419891	479942	60051	0	0	over-budget
32	1	1e0346b58e	419892	479943	60051	0	0	over-budget
32	1	c9591e68cd	419892	479943	60051	0	0	over-budget
32	1	c593df10d5	419892	479944	60052	0	0	over-budget
32	1	b3265b3b6f	419892	479944	60052	0	0	over-budget
32	1	94ae87b453	419892	479944	60052	0	0	over-budget
32	1	4d9440382f	419892	479945	60053	0	0	over-budget
32	1	e2fa2be9e9	419892	479946	60054	0	0	over-budget
32	1	ff7d0059c1	419892	479946	60054	0	0	over-budget
32	1	0c981be5bc	419892	479946	60054	0	0	over-budget
32	1	b536670647	419892	479946	60054	0	0	over-budget
32	1	2c47aafde2	419892	479946	60054	0	0	over-budget
32	1	be2c49d4fa	419892	479947	60055	0	0	over-budget
32	1	70e743b423	419893	479947	60054	0	0	over-budget
32	1	1133c4cdf4	419893	479947	60054	0	0	over-budget
32	1	048637bc94	419893	479947	60054	0	0	over-budget
32	1	e20f08e6e9	419893	479947	60054	0	0	over-budget
32	1	1518275f2f	419893	479947	60054	0	0	over-budget
32	1	6ca23d9c5d	419893	479947	60054	0	0	over-budget
32	1	ac6c391a8d	419893	479948	60055	0	0	over-budget
32	1	6f25f86bff	419893	479948	60055	0	0	over-budget
32	1	ef366696a4	419893	479948	60055	0	0	over-budget
32	1	6f74c0d674	419893	479948	60055	0	0	over-budget
32	1	d86ac865e6	419894	479948	60054	0	0	over-budget
32	1	302bca56f5	479939	539977	60038	0	0	over-budget
32	1	b7b6e622de	479940	539977	60037	0	0	over-budget
32	1	a7a26b1ef4	479940	539977	60037	0	0	over-budget
32	1	0727e94dee	479940	539977	60037	0	0	over-budget
32	1	0be4a54233	479941	539978	60037	0	0	over-budget
32	1	43932623fa	479941	539978	60037	0	0	over-budget
32	1	ab8578477a	479942	539978	60036	0	0	over-budget
32	1	e30743e1a1	479942	539978	60036	0	0	over-budget
32	1	3787957475	479942	539978	60036	0	0	over-budget
32	1	284e551a10	479943	539978	60035	0	0	over-budget
32	1	4557dcccc3	479943	539978	60035	0	0	over-budget
32	1	ef44667b95	479944	539978	60034	0	0	over-budget
32	1	d01ddb3a67	479944	539978	60034	0	0	over-budget
32	1	35651b34ed	479945	539978	60033	0	0	over-budget
32	1	7677fe426f	479946	539978	60032	0	0	over-budget
32	1	23c46529df	479946	539979	60033	0	0	over-budget
32	1	9edc4e0e1b	479946	539979	60033	0	0	over-budget
32	1	f5b8e64a42	479946	539979	60033	0	0	over-budget
32	1	ddc7c4c0c2	479946	539979	60033	0	0	over-budget
32	1	1f3e527e48	479946	539979	60033	0	0	over-budget
32	1	dfb0a696ca	479947	539979	60032	0	0	over-budget
32	1	c7ed2145a7	479947	539980	60033	0	0	over-budget
32	1	6fa54b3084	479947	539980	60033	0	0	over-budget
32	1	3262d823bd	479947	539981	60034	0	0	over-budget
32	1	c859f88c54	479947	539981	60034	0	0	over-budget
32	1	602be1b0f0	479947	539981	60034	0	0	over-budget
32	1	a4d1a05ed6	479947	539981	60034	0	0	over-budget
32	1	1fdafa0c86	479948	539981	60033	0	0	over-budget
32	1	155755d9a6	479948	539981	60033	0	0	over-budget
32	1	f091798eea	479948	539981	60033	0	0	over-budget
32	1	d993805206	479948	539981	60033	0	0	over-budget
32	1	4d7e3098cd	479948	539981	60033	0	0	over-budget
16	1	9a6d9f45ba	540045	600117	60072	0	0	over-budget
16	1	bc3e104cf1	540046	600129	60083	0	0	over-budget
16	1	a3d4ec8f3e	540046	600129	60083	0	0	over-budget
16	1	66f5cdeab4	540046	600129	60083	0	0	over-budget
16	1	4f36c5052b	540046	600130	60084	0	0	over-budget
16	1	934b27a653	540047	600130	60083	0	0	over-budget
16	1	eb287a35a6	540048	600131	60083	0	0	over-budget
16	1	9859954442	540049	600131	60082	0	0	over-budget
16	1	e9c9b53ba0	540049	600131	60082	0	0	over-budget
16	1	58ef9c035f	540049	600131	60082	0	0	over-budget
16	1	d90ffdf062	540049	600132	60083	0	0	over-budget
16	1	38fa601259	540049	600132	60083	0	0	over-budget
16	1	8ba841c14d	540049	600132	60083	0	0	over-budget
16	1	e1aa12aa72	540049	600133	60084	0	0	over-budget
16	1	6d2aece042	540049	600133	60084	0	0	over-budget
16	1	ba8e4f4c42	540049	600133	60084	0	0	over-budget
16	1	69addfc6a2	600118	660097	59979	0	0	over-budget
16	1	0c03d575da	600129	660097	59968	0	0	over-budget
16	1	30de83d630	600129	660098	59969	0	0	over-budget
16	1	aff98080d3	600130	660099	59969	0	0	over-budget
16	1	5b495c2ffc	600130	660099	59969	0	0	over-budget
16	1	cc13d2fe0f	600130	660099	59969	0	0	over-budget
16	1	052f1b7d7e	600131	660099	59968	0	0	over-budget
16	1	5aa4d6a3bb	600131	660099	59968	0	0	over-budget
16	1	61ec0ee2d9	600131	660100	59969	0	0	over-budget
16	1	b4c11f2d94	600131	660100	59969	0	0	over-budget
16	1	e3c60a5880	600132	660100	59968	0	0	over-budget
16	1	14db4353eb	600132	660100	59968	0	0	over-budget
16	1	eaad7cbb5a	600132	660100	59968	0	0	over-budget
16	1	d91cc682ec	600133	660100	59967	0	0	over-budget
16	1	80f8b25c2a	600133	660100	59967	0	0	over-budget
16	1	bca36926ff	600133	660100	59967	0	0	over-budget
16	1	6d4fec9e48	660097	720215	60118	0	0	over-budget
16	1	2488c667dd	660097	720216	60119	0	0	over-budget
16	1	4381d26e13	660098	720216	60118	0	0	over-budget
16	1	abf346e002	660099	720216	60117	0	0	over-budget
16	1	e9d4749dd8	660099	720217	60118	0	0	over-budget
16	1	af03a9e773	660099	720217	60118	0	0	over-budget
16	1	cac8a3b517	660099	720217	60118	0	0	over-budget
16	1	23d95e7b61	660100	720217	60117	0	0	over-budget
16	1	0ba19a08e1	660100	720217	60117	0	0	over-budget
16	1	a6869c9007	660100	720217	60117	0	0	over-budget
16	1	a6c803e0c0	660100	720224	60124	0	0	over-budget
16	1	05fc9bd09a	660100	720224	60124	0	0	over-budget
16	1	58ed1a9b01	660100	720224	60124	0	0	over-budget
16	1	ebc838a59f	660100	720225	60125	0	0	over-budget
16	1	a74dfee07b	660100	720225	60125	0	0	over-budget
16	1	549e848cf9	660100	720225	60125	0	0	over-budget
16	1	6220c6a0ca	720215	780172	59957	0	0	over-budget
16	1	cd1741aa9c	720216	780173	59957	0	0	over-budget
16	1	ab6847339f	720216	780173	59957	0	0	over-budget
16	1	8cc30deb2f	720216	780173	59957	0	0	over-budget
16	1	29524fff8d	720217	780174	59957	0	0	over-budget
16	1	393b22cad4	720217	780174	59957	0	0	over-budget
16	1	cbcdf0a717	720217	780174	59957	0	0	over-budget
16	1	326891122a	720217	780174	59957	0	0	over-budget
16	1	e0797088f6	720217	780175	59958	0	0	over-budget
16	1	e7d6defac2	720224	780175	59951	0	0	over-budget
16	1	400fe184df	720224	780175	59951	0	0	over-budget
16	1	34020abb5e	720224	780175	59951	0	0	over-budget
16	1	c549cc11ef	720224	780175	59951	0	0	over-budget
16	1	0ff28733f6	720225	780175	59950	0	0	over-budget
16	1	a63502f80d	720225	780176	59951	0	0	over-budget
16	1	60a0530115	720225	780176	59951	0	0	over-budget
16	1	14bfa4c728	780172	839912	59740	0	0	over-budget
16	1	716b82413c	780173	839914	59741	0	0	over-budget
16	1	0a003ccd82	780173	839914	59741	0	0	over-budget
16	1	f2184c8de1	780173	839915	59742	0	0	over-budget
16	1	ee5682f5ec	780174	839915	59741	0	0	over-budget
16	1	a2206d2b75	780174	839915	59741	0	0	over-budget
16	1	7144806a8d	780174	839916	59742	0	0	over-budget
16	1	24ae93437f	780174	839916	59742	0	0	over-budget
16	1	f393a55ee4	780175	839919	59744	0	0	over-budget
16	1	db73b40ec6	780175	839919	59744	0	0	over-budget
16	1	20852b267c	780175	839919	59744	0	0	over-budget
16	1	63a4330767	780175	839920	59745	0	0	over-budget
16	1	f534325f90	780175	839920	59745	0	0	over-budget
16	1	8d9ec76609	780175	839920	59745	0	0	over-budget
16	1	83b26e72b8	780176	839921	59745	0	0	over-budget
16	1	aaaf1a6cf7	780176	839921	59745	0	0	over-budget
16	1	fe8f959621	839912	899951	60039	0	0	over-budget
16	1	fb21546e7d	839914	899951	60037	0	0	over-budget
16	1	e496dbfccd	839914	899952	60038	0	0	over-budget
16	1	d54b9ef8d7	839915	899956	60041	0	0	over-budget
16	1	71b2daaddf	839915	899957	60042	0	0	over-budget
16	1	831a89994b	839915	899957	60042	0	0	over-budget
16	1	14cfd1ffa0	839916	899958	60042	0	0	over-budget
16	1	c5fd78cdb0	839916	899958	60042	0	0	over-budget
16	1	c57ffa1c4c	839919	899958	60039	0	0	over-budget
16	1	e19a941f90	839919	899958	60039	0	0	over-budget
16	1	f3f99858f7	839919	899959	60040	0	0	over-budget
16	1	8a05657384	839920	899959	60039	0	0	over-budget
16	1	5da7f22739	839920	899959	60039	0	0	over-budget
16	1	4146515669	839920	899959	60039	0	0	over-budget
16	1	66f689c1b3	839921	899959	60038	0	0	over-budget
16	1	f1f0b4d75d	839921	899959	60038	0	0	over-budget
16	1	b99732b74f	899951	960185	60234	0	0	over-budget
16	1	c09b240791	899951	960188	60237	0	0	over-budget
16	1	abdb7549dd	899952	960189	60237	0	0	over-budget
16	1	5e7d384ba8	899956	960190	60234	0	0	over-budget
16	1	60fae67e9a	899957	960196	60239	0	0	over-budget
16	1	b6c95240b6	899957	960197	60240	0	0	over-budget
16	1	fcc342a2d6	899958	960197	60239	0	0	over-budget
16	1	df941d4449	899958	960198	60240	0	0	over-budget
16	1	bc9f02835b	899958	960198	60240	0	0	over-budget
16	1	bc925a6d77	899958	960201	60243	0	0	over-budget
16	1	87f2924b45	899959	960201	60242	0	0	over-budget
16	1	3d7ad09a06	899959	960202	60243	0	0	over-budget
16	1	6bdfadd569	899959	960203	60244	0	0	over-budget
16	1	8cfb41126c	899959	960203	60244	0	0	over-budget
16	1	3d9e62f9de	899959	960203	60244	0	0	over-budget
16	1	e3b314a12b	899959	960203	60244	0	0	over-budget
16	1	ea17744a73	960185	1020188	60003	0	0	over-budget
16	1	f5ef3707af	960188	1020191	60003	0	0	over-budget
16	1	3739fa8558	960189	1020191	60002	0	0	over-budget
16	1	7f393fe7d8	960190	1020191	60001	0	0	over-budget
16	1	524152338b	960196	1020192	59996	0	0	over-budget
16	1	0f8f32560f	960197	1020192	59995	0	0	over-budget
16	1	fc4e2890bc	960197	1020192	59995	0	0	over-budget
16	1	fc4c3473a4	960198	1020192	59994	0	0	over-budget
16	1	8bea26530f	960200	1020192	59992	0	0	over-budget
16	1	7d7783a816	960201	1020193	59992	0	0	over-budget
16	1	3f8725477d	960201	1020193	59992	0	0	over-budget
16	1	c52a921a83	960202	1020193	59991	0	0	over-budget
16	1	36d8990e87	960203	1020193	59990	0	0	over-budget
16	1	6209480694	960203	1020193	59990	0	0	over-budget
16	1	aa6ab978b0	960203	1020193	59990	0	0	over-budget
16	1	895d74019a	960203	1020193	59990	0	0	over-budget
16	1	8a4ca9b7fe	1020188	1079971	59783	0	0	over-budget
16	1	69e603ddfd	1020191	1079975	59784	0	0	over-budget
16	1	395b188095	1020191	1079976	59785	0	0	over-budget
16	1	4e483cf12f	1020191	1079976	59785	0	0	over-budget
16	1	b51aa64e31	1020192	1079976	59784	0	0	over-budget
16	1	d23bb2e93a	1020192	1079976	59784	0	0	over-budget
16	1	b8b3574f2a	1020192	1079977	59785	0	0	over-budget
16	1	6fa75af455	1020192	1079977	59785	0	0	over-budget
16	1	70e2fcb529	1020192	1079977	59785	0	0	over-budget
16	1	bdf68650de	1020193	1079977	59784	0	0	over-budget
16	1	44db44a84b	1020193	1079977	59784	0	0	over-budget
16	1	7815a2a52d	1020193	1079977	59784	0	0	over-budget
16	1	adbec2b50f	1020193	1079977	59784	0	0	over-budget
16	1	1232f541fe	1020193	1079977	59784	0	0	over-budget
16	1	6d2135aa24	1020193	1079978	59785	0	0	over-budget
16	1	3ce8e809d3	1020193	1079978	59785	0	0	over-budget
16	1	6e0b62cb77	1079971	1139976	60005	0	0	over-budget
16	1	cafcc9b4ce	1079975	1139976	60001	0	0	over-budget
16	1	9a2176718b	1079976	1139976	60000	0	0	over-budget
16	1	5b719b2993	1079976	1139976	60000	0	0	over-budget
16	1	b7839cc0aa	1079976	1139977	60001	0	0	over-budget
16	1	4e910ca89e	1079976	1139977	60001	0	0	over-budget
16	1	5fe0ca612d	1079977	1139977	60000	0	0	over-budget
16	1	c180530e7b	1079977	1139977	60000	0	0	over-budget
16	1	3fcfdb767a	1079977	1139977	60000	0	0	over-budget
16	1	dfac03f1a8	1079977	1139977	60000	0	0	over-budget
16	1	a28033cedf	1079977	1139977	60000	0	0	over-budget
16	1	36137e9c85	1079977	1139977	60000	0	0	over-budget
16	1	2a468e50e5	1079977	1139977	60000	0	0	over-budget
16	1	3e8d87b3c9	1079977	1139977	60000	0	0	over-budget
16	1	58f5c0fbc6	1079978	1139977	59999	0	0	over-budget
16	1	36a9bac675	1079978	1139977	59999	0	0	over-budget
warm	-1	700ad7bac1	1140101	1140138	37	93060	200	
warm	-1	7f6fa45acc	1140139	1140144	5	95880	200	
warm	-1	923fb537dc	1140145	1140149	4	94188	200	
warm	-1	1bff58a51f	1140149	1140152	3	84600	200	
warm	-1	e9b297eaac	1140152	1140157	5	94564	200	